release_idx,release_time,exec_time_s,period_s,deadline_s,finish_time,deadline_abs,missed_deadline,note
0,511260.145810500,0.000395500,0.050000000,0.050000000,511260.146206000,511260.195810500,0,HOLD
1,511260.207945000,0.000095600,0.050000000,0.050000000,511260.208040600,511260.257945000,0,degraded_hold
2,511260.253905100,0.000051200,0.050000000,0.050000000,511260.253956300,511260.303905100,0,state_stale
3,511260.299461000,0.000068400,0.050000000,0.050000000,511260.299529400,511260.349461000,0,state_stale
4,511260.365751600,0.000061500,0.050000000,0.050000000,511260.365813100,511260.415751600,0,state_stale
5,511260.409375600,0.000085000,0.050000000,0.050000000,511260.409460600,511260.459375600,0,state_stale
6,511260.456548000,0.000107800,0.050000000,0.050000000,511260.456655800,511260.506548000,0,state_stale
7,511260.503771600,0.000071600,0.050000000,0.050000000,511260.503843200,511260.553771600,0,state_stale
8,511260.549955000,0.000049700,0.050000000,0.050000000,511260.550004700,511260.599955000,0,state_stale
9,511260.611440400,0.000131200,0.050000000,0.050000000,511260.611571600,511260.661440400,0,HOLD
10,511260.656584300,0.000206300,0.050000000,0.050000000,511260.656790600,511260.706584300,0,HOLD
11,511260.703861600,0.000175300,0.050000000,0.050000000,511260.704036900,511260.753861600,0,HOLD
12,511260.751000900,0.000090000,0.050000000,0.050000000,511260.751090900,511260.801000900,0,state_stale
13,511260.797064600,0.000111800,0.050000000,0.050000000,511260.797176400,511260.847064600,0,state_stale
14,511260.860084400,0.000102100,0.050000000,0.050000000,511260.860186500,511260.910084400,0,state_stale
15,511260.906422200,0.000069100,0.050000000,0.050000000,511260.906491300,511260.956422200,0,state_stale
16,511260.952772000,0.000103700,0.050000000,0.050000000,511260.952875700,511261.002772000,0,state_stale
17,511261.000111100,0.000149900,0.050000000,0.050000000,511261.000261000,511261.050111100,0,state_stale
18,511261.060632100,0.000074200,0.050000000,0.050000000,511261.060706300,511261.110632100,0,state_stale
19,511261.107330400,0.000224100,0.050000000,0.050000000,511261.107554500,511261.157330400,0,HOLD
20,511261.152266700,0.000151100,0.050000000,0.050000000,511261.152417800,511261.202266700,0,HOLD
21,511261.199475600,0.000105600,0.050000000,0.050000000,511261.199581200,511261.249475600,0,HOLD
22,511261.260525700,0.000110500,0.050000000,0.050000000,511261.260636200,511261.310525700,0,HOLD
23,511261.308085200,0.000134000,0.050000000,0.050000000,511261.308219200,511261.358085200,0,HOLD
24,511261.354767900,0.000068600,0.050000000,0.050000000,511261.354836500,511261.404767900,0,HOLD
25,511261.400898400,0.000103600,0.050000000,0.050000000,511261.401002000,511261.450898400,0,HOLD
26,511261.446828600,0.000081000,0.050000000,0.050000000,511261.446909600,511261.496828600,0,HOLD
27,511261.507419000,0.000092700,0.050000000,0.050000000,511261.507511700,511261.557419000,0,HOLD
28,511261.554199700,0.000101000,0.050000000,0.050000000,511261.554300700,511261.604199700,0,HOLD
29,511261.600889000,0.000050400,0.050000000,0.050000000,511261.600939400,511261.650889000,0,HOLD
30,511261.646839900,0.000073400,0.050000000,0.050000000,511261.646913300,511261.696839900,0,HOLD
31,511261.710660500,0.000138300,0.050000000,0.050000000,511261.710798800,511261.760660500,0,HOLD
32,511261.757023100,0.000107700,0.050000000,0.050000000,511261.757130800,511261.807023100,0,HOLD
33,511261.804282300,0.000059900,0.050000000,0.050000000,511261.804342200,511261.854282300,0,HOLD
34,511261.849854700,0.000073500,0.050000000,0.050000000,511261.849928200,511261.899854700,0,HOLD
35,511261.896643500,0.000067600,0.050000000,0.050000000,511261.896711100,511261.946643500,0,HOLD
36,511261.957283700,0.000084200,0.050000000,0.050000000,511261.957367900,511262.007283700,0,HOLD
37,511262.004113000,0.000089600,0.050000000,0.050000000,511262.004202600,511262.054113000,0,HOLD
38,511262.052330800,0.000091800,0.050000000,0.050000000,511262.052422600,511262.102330800,0,HOLD
39,511262.098465300,0.000050000,0.050000000,0.050000000,511262.098515300,511262.148465300,0,HOLD
40,511262.159218000,0.000063000,0.050000000,0.050000000,511262.159281000,511262.209218000,0,HOLD
41,511262.205085600,0.000080900,0.050000000,0.050000000,511262.205166500,511262.255085600,0,HOLD
42,511262.252080200,0.000145300,0.050000000,0.050000000,511262.252225500,511262.302080200,0,HOLD
43,511262.298973800,0.000068300,0.050000000,0.050000000,511262.299042100,511262.348973800,0,HOLD
44,511262.346567600,0.000089600,0.050000000,0.050000000,511262.346657200,511262.396567600,0,HOLD
45,511262.409449500,0.000039500,0.050000000,0.050000000,511262.409489000,511262.459449500,0,HOLD
46,511262.454883900,0.000080900,0.050000000,0.050000000,511262.454964800,511262.504883900,0,HOLD
47,511262.501576200,0.000096800,0.050000000,0.050000000,511262.501673000,511262.551576200,0,HOLD
48,511262.549544500,0.000064400,0.050000000,0.050000000,511262.549608900,511262.599544500,0,HOLD
49,511262.611988100,0.000063200,0.050000000,0.050000000,511262.612051300,511262.661988100,0,HOLD
50,511262.659497300,0.000103400,0.050000000,0.050000000,511262.659600700,511262.709497300,0,HOLD
51,511262.705064900,0.000094600,0.050000000,0.050000000,511262.705159500,511262.755064900,0,HOLD
52,511262.752255900,0.000118300,0.050000000,0.050000000,511262.752374200,511262.802255900,0,HOLD
53,511262.800288800,0.000145500,0.050000000,0.050000000,511262.800434300,511262.850288800,0,HOLD
54,511262.860747500,0.000249600,0.050000000,0.050000000,511262.860997100,511262.910747500,0,HOLD
55,511262.907676600,0.000121600,0.050000000,0.050000000,511262.907798200,511262.957676600,0,HOLD
56,511262.953913400,0.000188100,0.050000000,0.050000000,511262.954101500,511263.003913400,0,HOLD
57,511263.000533800,0.000110500,0.050000000,0.050000000,511263.000644300,511263.050533800,0,HOLD
58,511263.048112800,0.000172300,0.050000000,0.050000000,511263.048285100,511263.098112800,0,HOLD
59,511263.107699000,0.000148000,0.050000000,0.050000000,511263.107847000,511263.157699000,0,HOLD
60,511263.154665900,0.000130500,0.050000000,0.050000000,511263.154796400,511263.204665900,0,HOLD
61,511263.201104100,0.000179900,0.050000000,0.050000000,511263.201284000,511263.251104100,0,HOLD
62,511263.246855200,0.000104900,0.050000000,0.050000000,511263.246960100,511263.296855200,0,HOLD
63,511263.316987900,0.000164600,0.050000000,0.050000000,511263.317152500,511263.366987900,0,HOLD
64,511263.356830700,0.000153000,0.050000000,0.050000000,511263.356983700,511263.406830700,0,HOLD
65,511263.403177400,0.000108100,0.050000000,0.050000000,511263.403285500,511263.453177400,0,HOLD
66,511263.449839400,0.000126900,0.050000000,0.050000000,511263.449966300,511263.499839400,0,HOLD
67,511263.496522000,0.000065700,0.050000000,0.050000000,511263.496587700,511263.546522000,0,HOLD
68,511263.559802500,0.000047600,0.050000000,0.050000000,511263.559850100,511263.609802500,0,HOLD
69,511263.606680600,0.000049100,0.050000000,0.050000000,511263.606729700,511263.656680600,0,HOLD
70,511263.653352700,0.000075600,0.050000000,0.050000000,511263.653428300,511263.703352700,0,HOLD
71,511263.699486600,0.000052100,0.050000000,0.050000000,511263.699538700,511263.749486600,0,HOLD
72,511263.761486000,0.000074400,0.050000000,0.050000000,511263.761560400,511263.811486000,0,HOLD
73,511263.810115100,0.000073600,0.050000000,0.050000000,511263.810188700,511263.860115100,0,HOLD
74,511263.855709100,0.000125800,0.050000000,0.050000000,511263.855834900,511263.905709100,0,HOLD
75,511263.901581300,0.000087500,0.050000000,0.050000000,511263.901668800,511263.951581300,0,HOLD
76,511263.949345100,0.000125000,0.050000000,0.050000000,511263.949470100,511263.999345100,0,HOLD
77,511264.010494800,0.000132200,0.050000000,0.050000000,511264.010627000,511264.060494800,0,HOLD
78,511264.058461800,0.000073900,0.050000000,0.050000000,511264.058535700,511264.108461800,0,HOLD
79,511264.103895600,0.000118300,0.050000000,0.050000000,511264.104013900,511264.153895600,0,HOLD
80,511264.150245200,0.000131500,0.050000000,0.050000000,511264.150376700,511264.200245200,0,HOLD
81,511264.196508600,0.000062000,0.050000000,0.050000000,511264.196570600,511264.246508600,0,HOLD
82,511264.259596900,0.000258300,0.050000000,0.050000000,511264.259855200,511264.309596900,0,HOLD
83,511264.307451800,0.000173600,0.050000000,0.050000000,511264.307625400,511264.357451800,0,HOLD
84,511264.356289600,0.000081000,0.050000000,0.050000000,511264.356370600,511264.406289600,0,HOLD
85,511264.401682900,0.000075100,0.050000000,0.050000000,511264.401758000,511264.451682900,0,HOLD
86,511264.449353700,0.000045300,0.050000000,0.050000000,511264.449399000,511264.499353700,0,HOLD
87,511264.511246300,0.000189400,0.050000000,0.050000000,511264.511435700,511264.561246300,0,HOLD
88,511264.558696900,0.000072600,0.050000000,0.050000000,511264.558769500,511264.608696900,0,HOLD
89,511264.605162400,0.000066300,0.050000000,0.050000000,511264.605228700,511264.655162400,0,HOLD
90,511264.651311400,0.000118800,0.050000000,0.050000000,511264.651430200,511264.701311400,0,HOLD
91,511264.696731200,0.000057400,0.050000000,0.050000000,511264.696788600,511264.746731200,0,HOLD
92,511264.758351600,0.000063800,0.050000000,0.050000000,511264.758415400,511264.808351600,0,HOLD
93,511264.806115000,0.000137100,0.050000000,0.050000000,511264.806252100,511264.856115000,0,HOLD
94,511264.852790400,0.000089500,0.050000000,0.050000000,511264.852879900,511264.902790400,0,HOLD
95,511264.899520900,0.000073300,0.050000000,0.050000000,511264.899594200,511264.949520900,0,HOLD
96,511264.960678200,0.000074300,0.050000000,0.050000000,511264.960752500,511265.010678200,0,HOLD
97,511265.006867900,0.000189800,0.050000000,0.050000000,511265.007057700,511265.056867900,0,MOVE_LEFT
98,511265.053865400,0.000277700,0.050000000,0.050000000,511265.054143100,511265.103865400,0,MOVE_LEFT
99,511265.100553100,0.000148000,0.050000000,0.050000000,511265.100701100,511265.150553100,0,MOVE_LEFT
100,511265.146517200,0.000115100,0.050000000,0.050000000,511265.146632300,511265.196517200,0,MOVE_LEFT
101,511265.209293000,0.000104200,0.050000000,0.050000000,511265.209397200,511265.259293000,0,HOLD
102,511265.256416100,0.000080400,0.050000000,0.050000000,511265.256496500,511265.306416100,0,HOLD
103,511265.302250800,0.000074900,0.050000000,0.050000000,511265.302325700,511265.352250800,0,HOLD
104,511265.349931000,0.000068800,0.050000000,0.050000000,511265.349999800,511265.399931000,0,HOLD
105,511265.395932000,0.000075000,0.050000000,0.050000000,511265.396007000,511265.445932000,0,HOLD
106,511265.459602200,0.000062200,0.050000000,0.050000000,511265.459664400,511265.509602200,0,HOLD
107,511265.506046800,0.000094400,0.050000000,0.050000000,511265.506141200,511265.556046800,0,HOLD
108,511265.552734500,0.000086000,0.050000000,0.050000000,511265.552820500,511265.602734500,0,HOLD
109,511265.597644500,0.000203000,0.050000000,0.050000000,511265.597847500,511265.647644500,0,MOVE_LEFT
110,511265.660808500,0.000091600,0.050000000,0.050000000,511265.660900100,511265.710808500,0,SLOW_DOWN
111,511265.707829500,0.000132300,0.050000000,0.050000000,511265.707961800,511265.757829500,0,HOLD
112,511265.755761900,0.000106700,0.050000000,0.050000000,511265.755868600,511265.805761900,0,HOLD
113,511265.802327700,0.000074200,0.050000000,0.050000000,511265.802401900,511265.852327700,0,HOLD
114,511265.849911000,0.000085000,0.050000000,0.050000000,511265.849996000,511265.899911000,0,HOLD
115,511265.896634300,0.000076200,0.050000000,0.050000000,511265.896710500,511265.946634300,0,HOLD
116,511265.957654500,0.000161900,0.050000000,0.050000000,511265.957816400,511266.007654500,0,HOLD
117,511266.003580600,0.000062900,0.050000000,0.050000000,511266.003643500,511266.053580600,0,HOLD
118,511266.050337400,0.000051700,0.050000000,0.050000000,511266.050389100,511266.100337400,0,HOLD
119,511266.098209800,0.000161900,0.050000000,0.050000000,511266.098371700,511266.148209800,0,HOLD
120,511266.159544900,0.000075900,0.050000000,0.050000000,511266.159620800,511266.209544900,0,HOLD
121,511266.205503400,0.000097700,0.050000000,0.050000000,511266.205601100,511266.255503400,0,HOLD
122,511266.252601500,0.000061800,0.050000000,0.050000000,511266.252663300,511266.302601500,0,HOLD
123,511266.298631800,0.000064500,0.050000000,0.050000000,511266.298696300,511266.348631800,0,HOLD
124,511266.359998000,0.000104200,0.050000000,0.050000000,511266.360102200,511266.409998000,0,HOLD
125,511266.407842800,0.000164600,0.050000000,0.050000000,511266.408007400,511266.457842800,0,HOLD
126,511266.454509100,0.000059800,0.050000000,0.050000000,511266.454568900,511266.504509100,0,HOLD
127,511266.500510800,0.000109100,0.050000000,0.050000000,511266.500619900,511266.550510800,0,HOLD
128,511266.546899600,0.000061800,0.050000000,0.050000000,511266.546961400,511266.596899600,0,HOLD
129,511266.609886900,0.000076500,0.050000000,0.050000000,511266.609963400,511266.659886900,0,HOLD
130,511266.655320900,0.000044500,0.050000000,0.050000000,511266.655365400,511266.705320900,0,HOLD
131,511266.702066400,0.000035600,0.050000000,0.050000000,511266.702102000,511266.752066400,0,state_stale
132,511266.749220300,0.000074400,0.050000000,0.050000000,511266.749294700,511266.799220300,0,HOLD
133,511266.809718600,0.000061500,0.050000000,0.050000000,511266.809780100,511266.859718600,0,HOLD
134,511266.855895600,0.000150900,0.050000000,0.050000000,511266.856046500,511266.905895600,0,HOLD
135,511266.902750800,0.000222700,0.050000000,0.050000000,511266.902973500,511266.952750800,0,HOLD
136,511266.950265300,0.000063000,0.050000000,0.050000000,511266.950328300,511267.000265300,0,HOLD
137,511266.996722100,0.000082800,0.050000000,0.050000000,511266.996804900,511267.046722100,0,MOVE_RIGHT
138,511267.059788400,0.000057000,0.050000000,0.050000000,511267.059845400,511267.109788400,0,HOLD
139,511267.106221400,0.000071600,0.050000000,0.050000000,511267.106293000,511267.156221400,0,HOLD
140,511267.153022000,0.000042700,0.050000000,0.050000000,511267.153064700,511267.203022000,0,HOLD
141,511267.200289600,0.000060200,0.050000000,0.050000000,511267.200349800,511267.250289600,0,HOLD
142,511267.261544200,0.000081900,0.050000000,0.050000000,511267.261626100,511267.311544200,0,HOLD
143,511267.309163800,0.000086700,0.050000000,0.050000000,511267.309250500,511267.359163800,0,HOLD
144,511267.356231100,0.000106000,0.050000000,0.050000000,511267.356337100,511267.406231100,0,SLOW_DOWN
145,511267.402172700,0.000130100,0.050000000,0.050000000,511267.402302800,511267.452172700,0,SLOW_DOWN
146,511267.448860800,0.000072900,0.050000000,0.050000000,511267.448933700,511267.498860800,0,HOLD
147,511267.510370900,0.000109400,0.050000000,0.050000000,511267.510480300,511267.560370900,0,HOLD
148,511267.556441600,0.000071800,0.050000000,0.050000000,511267.556513400,511267.606441600,0,HOLD
149,511267.603046700,0.000098900,0.050000000,0.050000000,511267.603145600,511267.653046700,0,HOLD
150,511267.649683300,0.000069700,0.050000000,0.050000000,511267.649753000,511267.699683300,0,HOLD
151,511267.710790200,0.000253500,0.050000000,0.050000000,511267.711043700,511267.760790200,0,HOLD
152,511267.757221000,0.000089900,0.050000000,0.050000000,511267.757310900,511267.807221000,0,HOLD
153,511267.804000300,0.000109900,0.050000000,0.050000000,511267.804110200,511267.854000300,0,HOLD
154,511267.849575300,0.000067800,0.050000000,0.050000000,511267.849643100,511267.899575300,0,HOLD
155,511267.896893900,0.000064600,0.050000000,0.050000000,511267.896958500,511267.946893900,0,HOLD
156,511267.958541700,0.000057800,0.050000000,0.050000000,511267.958599500,511268.008541700,0,HOLD
157,511268.004021200,0.000128300,0.050000000,0.050000000,511268.004149500,511268.054021200,0,HOLD
158,511268.050385700,0.000073300,0.050000000,0.050000000,511268.050459000,511268.100385700,0,HOLD
159,511268.096897100,0.000069200,0.050000000,0.050000000,511268.096966300,511268.146897100,0,HOLD
160,511268.159554900,0.000137200,0.050000000,0.050000000,511268.159692100,511268.209554900,0,HOLD
161,511268.206003100,0.000154300,0.050000000,0.050000000,511268.206157400,511268.256003100,0,HOLD
162,511268.253005500,0.000047700,0.050000000,0.050000000,511268.253053200,511268.303005500,0,HOLD
163,511268.300118800,0.000071100,0.050000000,0.050000000,511268.300189900,511268.350118800,0,HOLD
164,511268.346453000,0.000050300,0.050000000,0.050000000,511268.346503300,511268.396453000,0,HOLD
165,511268.409589700,0.000109700,0.050000000,0.050000000,511268.409699400,511268.459589700,0,HOLD
166,511268.455629200,0.000045300,0.050000000,0.050000000,511268.455674500,511268.505629200,0,HOLD
167,511268.503016200,0.000080100,0.050000000,0.050000000,511268.503096300,511268.553016200,0,HOLD
168,511268.548618700,0.000083000,0.050000000,0.050000000,511268.548701700,511268.598618700,0,HOLD
169,511268.610563400,0.000079600,0.050000000,0.050000000,511268.610643000,511268.660563400,0,HOLD
170,511268.657383400,0.000091900,0.050000000,0.050000000,511268.657475300,511268.707383400,0,HOLD
171,511268.705173800,0.000075000,0.050000000,0.050000000,511268.705248800,511268.755173800,0,HOLD
172,511268.752289200,0.000072800,0.050000000,0.050000000,511268.752362000,511268.802289200,0,HOLD
173,511268.799432900,0.000085700,0.050000000,0.050000000,511268.799518600,511268.849432900,0,HOLD
174,511268.861020200,0.000060100,0.050000000,0.050000000,511268.861080300,511268.911020200,0,HOLD
175,511268.908196400,0.000090100,0.050000000,0.050000000,511268.908286500,511268.958196400,0,HOLD
176,511268.955355000,0.000090600,0.050000000,0.050000000,511268.955445600,511269.005355000,0,HOLD
177,511269.002199300,0.000079300,0.050000000,0.050000000,511269.002278600,511269.052199300,0,HOLD
178,511269.049541700,0.000052800,0.050000000,0.050000000,511269.049594500,511269.099541700,0,HOLD
179,511269.110677300,0.000079800,0.050000000,0.050000000,511269.110757100,511269.160677300,0,HOLD
180,511269.157022600,0.000062300,0.050000000,0.050000000,511269.157084900,511269.207022600,0,HOLD
181,511269.203923400,0.000091000,0.050000000,0.050000000,511269.204014400,511269.253923400,0,HOLD
182,511269.250590200,0.000070500,0.050000000,0.050000000,511269.250660700,511269.300590200,0,HOLD
183,511269.296573100,0.000063400,0.050000000,0.050000000,511269.296636500,511269.346573100,0,HOLD
184,511269.357835700,0.000053800,0.050000000,0.050000000,511269.357889500,511269.407835700,0,HOLD
185,511269.404378800,0.000083400,0.050000000,0.050000000,511269.404462200,511269.454378800,0,HOLD
186,511269.450946200,0.000059300,0.050000000,0.050000000,511269.451005500,511269.500946200,0,HOLD
187,511269.497135700,0.000048000,0.050000000,0.050000000,511269.497183700,511269.547135700,0,HOLD
188,511269.559597100,0.000080100,0.050000000,0.050000000,511269.559677200,511269.609597100,0,HOLD
189,511269.606612900,0.000093500,0.050000000,0.050000000,511269.606706400,511269.656612900,0,HOLD
190,511269.653355500,0.000073700,0.050000000,0.050000000,511269.653429200,511269.703355500,0,HOLD
191,511269.701471600,0.000085700,0.050000000,0.050000000,511269.701557300,511269.751471600,0,HOLD
192,511269.747487200,0.000079200,0.050000000,0.050000000,511269.747566400,511269.797487200,0,HOLD
193,511269.811697600,0.000063800,0.050000000,0.050000000,511269.811761400,511269.861697600,0,HOLD
194,511269.857093700,0.000104700,0.050000000,0.050000000,511269.857198400,511269.907093700,0,HOLD
195,511269.902569500,0.000085900,0.050000000,0.050000000,511269.902655400,511269.952569500,0,HOLD
196,511269.949415900,0.000086400,0.050000000,0.050000000,511269.949502300,511269.999415900,0,HOLD
197,511270.011681000,0.000090800,0.050000000,0.050000000,511270.011771800,511270.061681000,0,HOLD
198,511270.057950100,0.000075200,0.050000000,0.050000000,511270.058025300,511270.107950100,0,HOLD
199,511270.104629700,0.000106000,0.050000000,0.050000000,511270.104735700,511270.154629700,0,HOLD
200,511270.151564600,0.000115300,0.050000000,0.050000000,511270.151679900,511270.201564600,0,HOLD
201,511270.197111000,0.000104700,0.050000000,0.050000000,511270.197215700,511270.247111000,0,HOLD
202,511270.259212800,0.000095200,0.050000000,0.050000000,511270.259308000,511270.309212800,0,HOLD
203,511270.305282000,0.000058300,0.050000000,0.050000000,511270.305340300,511270.355282000,0,HOLD
204,511270.351733200,0.000153600,0.050000000,0.050000000,511270.351886800,511270.401733200,0,HOLD
205,511270.398679500,0.000086200,0.050000000,0.050000000,511270.398765700,511270.448679500,0,HOLD
206,511270.461284600,0.000097500,0.050000000,0.050000000,511270.461382100,511270.511284600,0,HOLD
207,511270.508464400,0.000275400,0.050000000,0.050000000,511270.508739800,511270.558464400,0,HOLD
208,511270.556329100,0.000064300,0.050000000,0.050000000,511270.556393400,511270.606329100,0,HOLD
209,511270.602367200,0.000139100,0.050000000,0.050000000,511270.602506300,511270.652367200,0,HOLD
210,511270.648475900,0.000060900,0.050000000,0.050000000,511270.648536800,511270.698475900,0,HOLD
211,511270.710516000,0.000125600,0.050000000,0.050000000,511270.710641600,511270.760516000,0,HOLD
212,511270.757770900,0.000124100,0.050000000,0.050000000,511270.757895000,511270.807770900,0,HOLD
213,511270.805135800,0.000092900,0.050000000,0.050000000,511270.805228700,511270.855135800,0,HOLD
214,511270.851701000,0.000370700,0.050000000,0.050000000,511270.852071700,511270.901701000,0,HOLD
215,511270.898614200,0.000156200,0.050000000,0.050000000,511270.898770400,511270.948614200,0,HOLD
216,511270.945010100,0.000245400,0.050000000,0.050000000,511270.945255500,511270.995010100,0,HOLD
217,511271.006494000,0.000188500,0.050000000,0.050000000,511271.006682500,511271.056494000,0,HOLD
218,511271.053855300,0.000112900,0.050000000,0.050000000,511271.053968200,511271.103855300,0,HOLD
219,511271.101207200,0.000112200,0.050000000,0.050000000,511271.101319400,511271.151207200,0,HOLD
220,511271.147072500,0.000096200,0.050000000,0.050000000,511271.147168700,511271.197072500,0,HOLD
221,511271.210529100,0.000144700,0.050000000,0.050000000,511271.210673800,511271.260529100,0,HOLD
222,511271.256604600,0.000180800,0.050000000,0.050000000,511271.256785400,511271.306604600,0,HOLD
223,511271.301793300,0.000145700,0.050000000,0.050000000,511271.301939000,511271.351793300,0,HOLD
224,511271.349735400,0.000116100,0.050000000,0.050000000,511271.349851500,511271.399735400,0,HOLD
225,511271.396840400,0.000183900,0.050000000,0.050000000,511271.397024300,511271.446840400,0,HOLD
226,511271.458294500,0.000168600,0.050000000,0.050000000,511271.458463100,511271.508294500,0,HOLD
227,511271.506016000,0.000138800,0.050000000,0.050000000,511271.506154800,511271.556016000,0,HOLD
228,511271.552279900,0.000148200,0.050000000,0.050000000,511271.552428100,511271.602279900,0,HOLD
229,511271.599516300,0.000107200,0.050000000,0.050000000,511271.599623500,511271.649516300,0,HOLD
230,511271.660624000,0.000126000,0.050000000,0.050000000,511271.660750000,511271.710624000,0,HOLD
231,511271.706059300,0.000093500,0.050000000,0.050000000,511271.706152800,511271.756059300,0,HOLD
232,511271.753122400,0.000066100,0.050000000,0.050000000,511271.753188500,511271.803122400,0,HOLD
233,511271.800720300,0.000083200,0.050000000,0.050000000,511271.800803500,511271.850720300,0,HOLD
234,511271.847476400,0.000137200,0.050000000,0.050000000,511271.847613600,511271.897476400,0,HOLD
235,511271.910321000,0.000109200,0.050000000,0.050000000,511271.910430200,511271.960321000,0,HOLD
236,511271.955884500,0.000066500,0.050000000,0.050000000,511271.955951000,511272.005884500,0,HOLD
237,511272.002334700,0.000072600,0.050000000,0.050000000,511272.002407300,511272.052334700,0,HOLD
238,511272.049619600,0.000088600,0.050000000,0.050000000,511272.049708200,511272.099619600,0,HOLD
239,511272.110636000,0.000129600,0.050000000,0.050000000,511272.110765600,511272.160636000,0,HOLD
240,511272.158145400,0.000096600,0.050000000,0.050000000,511272.158242000,511272.208145400,0,HOLD
241,511272.205013600,0.000056900,0.050000000,0.050000000,511272.205070500,511272.255013600,0,HOLD
242,511272.252529800,0.000063100,0.050000000,0.050000000,511272.252592900,511272.302529800,0,HOLD
243,511272.299802300,0.000088400,0.050000000,0.050000000,511272.299890700,511272.349802300,0,HOLD
244,511272.346409400,0.000055700,0.050000000,0.050000000,511272.346465100,511272.396409400,0,HOLD
245,511272.407244500,0.000098700,0.050000000,0.050000000,511272.407343200,511272.457244500,0,HOLD
246,511272.454284800,0.000067600,0.050000000,0.050000000,511272.454352400,511272.504284800,0,HOLD
247,511272.501239200,0.000082800,0.050000000,0.050000000,511272.501322000,511272.551239200,0,HOLD
248,511272.548055800,0.000061800,0.050000000,0.050000000,511272.548117600,511272.598055800,0,HOLD
249,511272.610718200,0.000099000,0.050000000,0.050000000,511272.610817200,511272.660718200,0,HOLD
250,511272.657000200,0.000051100,0.050000000,0.050000000,511272.657051300,511272.707000200,0,HOLD
251,511272.704102500,0.000139200,0.050000000,0.050000000,511272.704241700,511272.754102500,0,HOLD
252,511272.750572900,0.000074400,0.050000000,0.050000000,511272.750647300,511272.800572900,0,HOLD
253,511272.796922300,0.000124400,0.050000000,0.050000000,511272.797046700,511272.846922300,0,HOLD
254,511272.858437000,0.000167300,0.050000000,0.050000000,511272.858604300,511272.908437000,0,HOLD
255,511272.906696300,0.000124000,0.050000000,0.050000000,511272.906820300,511272.956696300,0,HOLD
256,511272.952338900,0.000121300,0.050000000,0.050000000,511272.952460200,511273.002338900,0,HOLD
257,511273.000007100,0.000060700,0.050000000,0.050000000,511273.000067800,511273.050007100,0,HOLD
258,511273.046481700,0.000083900,0.050000000,0.050000000,511273.046565600,511273.096481700,0,HOLD
259,511273.109549800,0.000107600,0.050000000,0.050000000,511273.109657400,511273.159549800,0,HOLD
260,511273.157957800,0.000083000,0.050000000,0.050000000,511273.158040800,511273.207957800,0,HOLD
261,511273.204295600,0.000081000,0.050000000,0.050000000,511273.204376600,511273.254295600,0,HOLD
262,511273.249854700,0.000045700,0.050000000,0.050000000,511273.249900400,511273.299854700,0,HOLD
263,511273.296127500,0.000072800,0.050000000,0.050000000,511273.296200300,511273.346127500,0,HOLD
264,511273.356270700,0.000055900,0.050000000,0.050000000,511273.356326600,511273.406270700,0,HOLD
265,511273.401937100,0.000075400,0.050000000,0.050000000,511273.402012500,511273.451937100,0,HOLD
266,511273.449505500,0.000055100,0.050000000,0.050000000,511273.449560600,511273.499505500,0,HOLD
267,511273.510679800,0.000084300,0.050000000,0.050000000,511273.510764100,511273.560679800,0,HOLD
268,511273.557138900,0.000077400,0.050000000,0.050000000,511273.557216300,511273.607138900,0,HOLD
269,511273.603502200,0.000094900,0.050000000,0.050000000,511273.603597100,511273.653502200,0,HOLD
270,511273.649565300,0.000058400,0.050000000,0.050000000,511273.649623700,511273.699565300,0,HOLD
271,511273.711782900,0.000074800,0.050000000,0.050000000,511273.711857700,511273.761782900,0,HOLD
272,511273.759606100,0.000089900,0.050000000,0.050000000,511273.759696000,511273.809606100,0,HOLD
273,511273.806373900,0.000078400,0.050000000,0.050000000,511273.806452300,511273.856373900,0,HOLD
274,511273.852133700,0.000080400,0.050000000,0.050000000,511273.852214100,511273.902133700,0,HOLD
275,511273.898644300,0.000077300,0.050000000,0.050000000,511273.898721600,511273.948644300,0,HOLD
276,511273.960739000,0.000092200,0.050000000,0.050000000,511273.960831200,511274.010739000,0,HOLD
277,511274.008009200,0.000178200,0.050000000,0.050000000,511274.008187400,511274.058009200,0,HOLD
278,511274.055236700,0.000080800,0.050000000,0.050000000,511274.055317500,511274.105236700,0,HOLD
279,511274.101331600,0.000157100,0.050000000,0.050000000,511274.101488700,511274.151331600,0,HOLD
280,511274.147147000,0.000054300,0.050000000,0.050000000,511274.147201300,511274.197147000,0,HOLD
281,511274.210528900,0.000184200,0.050000000,0.050000000,511274.210713100,511274.260528900,0,HOLD
282,511274.257010300,0.000080300,0.050000000,0.050000000,511274.257090600,511274.307010300,0,HOLD
283,511274.303998600,0.000100300,0.050000000,0.050000000,511274.304098900,511274.353998600,0,HOLD
284,511274.349983400,0.000060000,0.050000000,0.050000000,511274.350043400,511274.399983400,0,HOLD
285,511274.396610000,0.000072400,0.050000000,0.050000000,511274.396682400,511274.446610000,0,HOLD
286,511274.459788400,0.000073400,0.050000000,0.050000000,511274.459861800,511274.509788400,0,HOLD
287,511274.506294400,0.000084500,0.050000000,0.050000000,511274.506378900,511274.556294400,0,HOLD
288,511274.553016600,0.000072200,0.050000000,0.050000000,511274.553088800,511274.603016600,0,HOLD
289,511274.600567000,0.000087900,0.050000000,0.050000000,511274.600654900,511274.650567000,0,HOLD
290,511274.647537700,0.000147300,0.050000000,0.050000000,511274.647685000,511274.697537700,0,HOLD
291,511274.707122200,0.000107200,0.050000000,0.050000000,511274.707229400,511274.757122200,0,HOLD
292,511274.754213600,0.000082200,0.050000000,0.050000000,511274.754295800,511274.804213600,0,HOLD
293,511274.800782300,0.000089000,0.050000000,0.050000000,511274.800871300,511274.850782300,0,HOLD
294,511274.847824100,0.000138500,0.050000000,0.050000000,511274.847962600,511274.897824100,0,HOLD
295,511274.909918400,0.000138000,0.050000000,0.050000000,511274.910056400,511274.959918400,0,HOLD
296,511274.956325100,0.000083600,0.050000000,0.050000000,511274.956408700,511275.006325100,0,HOLD
297,511275.002991900,0.000080300,0.050000000,0.050000000,511275.003072200,511275.052991900,0,HOLD
298,511275.049788500,0.000088600,0.050000000,0.050000000,511275.049877100,511275.099788500,0,HOLD
299,511275.096939900,0.000076900,0.050000000,0.050000000,511275.097016800,511275.146939900,0,HOLD
300,511275.160034200,0.000175600,0.050000000,0.050000000,511275.160209800,511275.210034200,0,HOLD
301,511275.205951600,0.000157800,0.050000000,0.050000000,511275.206109400,511275.255951600,0,HOLD
302,511275.252587400,0.000153300,0.050000000,0.050000000,511275.252740700,511275.302587400,0,HOLD
303,511275.300315700,0.000163900,0.050000000,0.050000000,511275.300479600,511275.350315700,0,HOLD
304,511275.361015000,0.000192100,0.050000000,0.050000000,511275.361207100,511275.411015000,0,HOLD
305,511275.405928800,0.000212200,0.050000000,0.050000000,511275.406141000,511275.455928800,0,HOLD
306,511275.453351100,0.000155900,0.050000000,0.050000000,511275.453507000,511275.503351100,0,HOLD
307,511275.500281600,0.000170800,0.050000000,0.050000000,511275.500452400,511275.550281600,0,HOLD
308,511275.561874400,0.000414200,0.050000000,0.050000000,511275.562288600,511275.611874400,0,HOLD
309,511275.608676400,0.000110000,0.050000000,0.050000000,511275.608786400,511275.658676400,0,HOLD
310,511275.655601400,0.000098900,0.050000000,0.050000000,511275.655700300,511275.705601400,0,HOLD
311,511275.701447200,0.000115300,0.050000000,0.050000000,511275.701562500,511275.751447200,0,HOLD
312,511275.747708200,0.000082100,0.050000000,0.050000000,511275.747790300,511275.797708200,0,HOLD
313,511275.810856800,0.000156400,0.050000000,0.050000000,511275.811013200,511275.860856800,0,HOLD
314,511275.856997200,0.000112400,0.050000000,0.050000000,511275.857109600,511275.906997200,0,HOLD
315,511275.904255200,0.000126400,0.050000000,0.050000000,511275.904381600,511275.954255200,0,HOLD
316,511275.952099900,0.000285600,0.050000000,0.050000000,511275.952385500,511276.002099900,0,HOLD
317,511275.998019500,0.000105600,0.050000000,0.050000000,511275.998125100,511276.048019500,0,HOLD
318,511276.059394400,0.000102600,0.050000000,0.050000000,511276.059497000,511276.109394400,0,HOLD
319,511276.105088500,0.000081500,0.050000000,0.050000000,511276.105170000,511276.155088500,0,HOLD
320,511276.151851000,0.000093900,0.050000000,0.050000000,511276.151944900,511276.201851000,0,HOLD
321,511276.198311800,0.000068400,0.050000000,0.050000000,511276.198380200,511276.248311800,0,HOLD
322,511276.260184800,0.000091900,0.050000000,0.050000000,511276.260276700,511276.310184800,0,HOLD
323,511276.305129000,0.000196300,0.050000000,0.050000000,511276.305325300,511276.355129000,0,HOLD
324,511276.351200700,0.000100000,0.050000000,0.050000000,511276.351300700,511276.401200700,0,HOLD
325,511276.398364400,0.000084100,0.050000000,0.050000000,511276.398448500,511276.448364400,0,HOLD
326,511276.460477800,0.000116400,0.050000000,0.050000000,511276.460594200,511276.510477800,0,HOLD
327,511276.506771900,0.000137300,0.050000000,0.050000000,511276.506909200,511276.556771900,0,HOLD
328,511276.555311800,0.000108400,0.050000000,0.050000000,511276.555420200,511276.605311800,0,HOLD
329,511276.601638800,0.000092400,0.050000000,0.050000000,511276.601731200,511276.651638800,0,HOLD
330,511276.648125100,0.000070100,0.050000000,0.050000000,511276.648195200,511276.698125100,0,HOLD
331,511276.710298000,0.000214800,0.050000000,0.050000000,511276.710512800,511276.760298000,0,HOLD
332,511276.757063600,0.000075900,0.050000000,0.050000000,511276.757139500,511276.807063600,0,HOLD
333,511276.804346800,0.000090000,0.050000000,0.050000000,511276.804436800,511276.854346800,0,HOLD
334,511276.850914900,0.000085200,0.050000000,0.050000000,511276.851000100,511276.900914900,0,HOLD
335,511276.898549700,0.000064300,0.050000000,0.050000000,511276.898614000,511276.948549700,0,HOLD
336,511276.960501800,0.000065700,0.050000000,0.050000000,511276.960567500,511277.010501800,0,HOLD
337,511277.007802600,0.000133300,0.050000000,0.050000000,511277.007935900,511277.057802600,0,HOLD
338,511277.053175400,0.000209000,0.050000000,0.050000000,511277.053384400,511277.103175400,0,HOLD
339,511277.100946200,0.000227500,0.050000000,0.050000000,511277.101173700,511277.150946200,0,HOLD
340,511277.148497400,0.000130500,0.050000000,0.050000000,511277.148627900,511277.198497400,0,HOLD
341,511277.209753900,0.000146200,0.050000000,0.050000000,511277.209900100,511277.259753900,0,HOLD
342,511277.257361200,0.000144400,0.050000000,0.050000000,511277.257505600,511277.307361200,0,HOLD
343,511277.304038800,0.000445700,0.050000000,0.050000000,511277.304484500,511277.354038800,0,HOLD
344,511277.350572200,0.000098600,0.050000000,0.050000000,511277.350670800,511277.400572200,0,HOLD
345,511277.412937700,0.000115900,0.050000000,0.050000000,511277.413053600,511277.462937700,0,HOLD
346,511277.459564900,0.000176400,0.050000000,0.050000000,511277.459741300,511277.509564900,0,HOLD
347,511277.506850100,0.000186500,0.050000000,0.050000000,511277.507036600,511277.556850100,0,HOLD
348,511277.554171400,0.000131200,0.050000000,0.050000000,511277.554302600,511277.604171400,0,HOLD
349,511277.600581600,0.000119700,0.050000000,0.050000000,511277.600701300,511277.650581600,0,HOLD
350,511277.647714700,0.000104300,0.050000000,0.050000000,511277.647819000,511277.697714700,0,HOLD
351,511277.710286400,0.000167700,0.050000000,0.050000000,511277.710454100,511277.760286400,0,HOLD
352,511277.757266500,0.000122700,0.050000000,0.050000000,511277.757389200,511277.807266500,0,HOLD
353,511277.803121700,0.000111500,0.050000000,0.050000000,511277.803233200,511277.853121700,0,HOLD
354,511277.852204900,0.000142800,0.050000000,0.050000000,511277.852347700,511277.902204900,0,HOLD
355,511277.897192100,0.000112200,0.050000000,0.050000000,511277.897304300,511277.947192100,0,HOLD
356,511277.958688400,0.000083300,0.050000000,0.050000000,511277.958771700,511278.008688400,0,HOLD
357,511278.006602500,0.000122700,0.050000000,0.050000000,511278.006725200,511278.056602500,0,HOLD
358,511278.053323000,0.000176700,0.050000000,0.050000000,511278.053499700,511278.103323000,0,HOLD
359,511278.101734100,0.000118400,0.050000000,0.050000000,511278.101852500,511278.151734100,0,HOLD
360,511278.148454900,0.000193800,0.050000000,0.050000000,511278.148648700,511278.198454900,0,HOLD
361,511278.210330400,0.000207200,0.050000000,0.050000000,511278.210537600,511278.260330400,0,HOLD
362,511278.258323600,0.000074400,0.050000000,0.050000000,511278.258398000,511278.308323600,0,HOLD
363,511278.303947300,0.000116800,0.050000000,0.050000000,511278.304064100,511278.353947300,0,HOLD
364,511278.349702600,0.000110900,0.050000000,0.050000000,511278.349813500,511278.399702600,0,HOLD
365,511278.397605600,0.000182400,0.050000000,0.050000000,511278.397788000,511278.447605600,0,HOLD
366,511278.460485000,0.000136200,0.050000000,0.050000000,511278.460621200,511278.510485000,0,HOLD
367,511278.505445100,0.000104000,0.050000000,0.050000000,511278.505549100,511278.555445100,0,HOLD
368,511278.552539000,0.000099800,0.050000000,0.050000000,511278.552638800,511278.602539000,0,HOLD
369,511278.599287300,0.000159900,0.050000000,0.050000000,511278.599447200,511278.649287300,0,HOLD
370,511278.661307200,0.000239300,0.050000000,0.050000000,511278.661546500,511278.711307200,0,HOLD
371,511278.710028000,0.000105000,0.050000000,0.050000000,511278.710133000,511278.760028000,0,HOLD
372,511278.756766600,0.000172300,0.050000000,0.050000000,511278.756938900,511278.806766600,0,HOLD
373,511278.803722700,0.000250800,0.050000000,0.050000000,511278.803973500,511278.853722700,0,HOLD
374,511278.850989700,0.000119600,0.050000000,0.050000000,511278.851109300,511278.900989700,0,HOLD
375,511278.898414200,0.000165700,0.050000000,0.050000000,511278.898579900,511278.948414200,0,HOLD
376,511278.958565000,0.000120000,0.050000000,0.050000000,511278.958685000,511279.008565000,0,HOLD
377,511279.005410300,0.000167100,0.050000000,0.050000000,511279.005577400,511279.055410300,0,HOLD
378,511279.052126900,0.000155800,0.050000000,0.050000000,511279.052282700,511279.102126900,0,HOLD
379,511279.099157600,0.000274400,0.050000000,0.050000000,511279.099432000,511279.149157600,0,HOLD
380,511279.160526400,0.000408200,0.050000000,0.050000000,511279.160934600,511279.210526400,0,HOLD
381,511279.207550800,0.000195500,0.050000000,0.050000000,511279.207746300,511279.257550800,0,HOLD
382,511279.253622400,0.000096200,0.050000000,0.050000000,511279.253718600,511279.303622400,0,HOLD
383,511279.300183300,0.000108200,0.050000000,0.050000000,511279.300291500,511279.350183300,0,HOLD
384,511279.361585300,0.000147300,0.050000000,0.050000000,511279.361732600,511279.411585300,0,HOLD
385,511279.410320100,0.000159900,0.050000000,0.050000000,511279.410480000,511279.460320100,0,HOLD
386,511279.456417800,0.000149400,0.050000000,0.050000000,511279.456567200,511279.506417800,0,HOLD
387,511279.502797600,0.000135900,0.050000000,0.050000000,511279.502933500,511279.552797600,0,HOLD
388,511279.549532700,0.000159700,0.050000000,0.050000000,511279.549692400,511279.599532700,0,HOLD
389,511279.612088700,0.000153400,0.050000000,0.050000000,511279.612242100,511279.662088700,0,HOLD
390,511279.658070200,0.000191800,0.050000000,0.050000000,511279.658262000,511279.708070200,0,HOLD
391,511279.705471900,0.000246900,0.050000000,0.050000000,511279.705718800,511279.755471900,0,HOLD
392,511279.752457000,0.000169900,0.050000000,0.050000000,511279.752626900,511279.802457000,0,HOLD
393,511279.800349500,0.000179800,0.050000000,0.050000000,511279.800529300,511279.850349500,0,HOLD
394,511279.861092700,0.000156400,0.050000000,0.050000000,511279.861249100,511279.911092700,0,HOLD
395,511279.907912800,0.000313700,0.050000000,0.050000000,511279.908226500,511279.957912800,0,HOLD
396,511279.956446200,0.000166900,0.050000000,0.050000000,511279.956613100,511280.006446200,0,HOLD
397,511280.002298100,0.000173700,0.050000000,0.050000000,511280.002471800,511280.052298100,0,HOLD
398,511280.050090900,0.000127900,0.050000000,0.050000000,511280.050218800,511280.100090900,0,HOLD
399,511280.112512000,0.000119500,0.050000000,0.050000000,511280.112631500,511280.162512000,0,HOLD
400,511280.160135800,0.000210700,0.050000000,0.050000000,511280.160346500,511280.210135800,0,HOLD
401,511280.206493900,0.000197900,0.050000000,0.050000000,511280.206691800,511280.256493900,0,HOLD
402,511280.251908100,0.000238200,0.050000000,0.050000000,511280.252146300,511280.301908100,0,HOLD
403,511280.299906900,0.000124100,0.050000000,0.050000000,511280.300031000,511280.349906900,0,HOLD
404,511280.361287600,0.000182300,0.050000000,0.050000000,511280.361469900,511280.411287600,0,HOLD
405,511280.407675100,0.000222600,0.050000000,0.050000000,511280.407897700,511280.457675100,0,HOLD
406,511280.453112000,0.000198400,0.050000000,0.050000000,511280.453310400,511280.503112000,0,HOLD
407,511280.501899900,0.000145600,0.050000000,0.050000000,511280.502045500,511280.551899900,0,HOLD
408,511280.548687700,0.000155400,0.050000000,0.050000000,511280.548843100,511280.598687700,0,HOLD
409,511280.610562500,0.000170800,0.050000000,0.050000000,511280.610733300,511280.660562500,0,HOLD
410,511280.656206100,0.000140100,0.050000000,0.050000000,511280.656346200,511280.706206100,0,HOLD
411,511280.701763500,0.000185400,0.050000000,0.050000000,511280.701948900,511280.751763500,0,HOLD
412,511280.748715700,0.000161400,0.050000000,0.050000000,511280.748877100,511280.798715700,0,HOLD
413,511280.810892000,0.000229500,0.050000000,0.050000000,511280.811121500,511280.860892000,0,HOLD
414,511280.858694000,0.000160400,0.050000000,0.050000000,511280.858854400,511280.908694000,0,HOLD
415,511280.904448400,0.000185200,0.050000000,0.050000000,511280.904633600,511280.954448400,0,HOLD
416,511280.952004600,0.000156000,0.050000000,0.050000000,511280.952160600,511281.002004600,0,HOLD
417,511280.998004600,0.000233000,0.050000000,0.050000000,511280.998237600,511281.048004600,0,HOLD
418,511281.060274900,0.000191800,0.050000000,0.050000000,511281.060466700,511281.110274900,0,HOLD
419,511281.106502400,0.000195400,0.050000000,0.050000000,511281.106697800,511281.156502400,0,HOLD
420,511281.153049700,0.000116800,0.050000000,0.050000000,511281.153166500,511281.203049700,0,HOLD
421,511281.200594500,0.000128100,0.050000000,0.050000000,511281.200722600,511281.250594500,0,HOLD
422,511281.248323600,0.000146900,0.050000000,0.050000000,511281.248470500,511281.298323600,0,HOLD
423,511281.310699100,0.000138200,0.050000000,0.050000000,511281.310837300,511281.360699100,0,HOLD
424,511281.356635900,0.000162900,0.050000000,0.050000000,511281.356798800,511281.406635900,0,HOLD
425,511281.402317700,0.000198900,0.050000000,0.050000000,511281.402516600,511281.452317700,0,HOLD
426,511281.450815000,0.000164200,0.050000000,0.050000000,511281.450979200,511281.500815000,0,HOLD
427,511281.497950400,0.000151400,0.050000000,0.050000000,511281.498101800,511281.547950400,0,HOLD
428,511281.560147500,0.000274900,0.050000000,0.050000000,511281.560422400,511281.610147500,0,HOLD
429,511281.605969300,0.000110700,0.050000000,0.050000000,511281.606080000,511281.655969300,0,HOLD
430,511281.652366700,0.000284700,0.050000000,0.050000000,511281.652651400,511281.702366700,0,HOLD
431,511281.700471900,0.000176200,0.050000000,0.050000000,511281.700648100,511281.750471900,0,HOLD
432,511281.762290300,0.000158900,0.050000000,0.050000000,511281.762449200,511281.812290300,0,HOLD
433,511281.809382600,0.000644100,0.050000000,0.050000000,511281.810026700,511281.859382600,0,HOLD
434,511281.855087800,0.000173400,0.050000000,0.050000000,511281.855261200,511281.905087800,0,HOLD
435,511281.902534300,0.000139600,0.050000000,0.050000000,511281.902673900,511281.952534300,0,HOLD
436,511281.949296900,0.000152600,0.050000000,0.050000000,511281.949449500,511281.999296900,0,HOLD
437,511282.011515500,0.000140000,0.050000000,0.050000000,511282.011655500,511282.061515500,0,HOLD
438,511282.056882500,0.000194900,0.050000000,0.050000000,511282.057077400,511282.106882500,0,HOLD
439,511282.104347900,0.000172600,0.050000000,0.050000000,511282.104520500,511282.154347900,0,HOLD
440,511282.151083600,0.000132700,0.050000000,0.050000000,511282.151216300,511282.201083600,0,HOLD
441,511282.212157800,0.000111300,0.050000000,0.050000000,511282.212269100,511282.262157800,0,HOLD
442,511282.259202300,0.000161000,0.050000000,0.050000000,511282.259363300,511282.309202300,0,HOLD
443,511282.305481000,0.000548900,0.050000000,0.050000000,511282.306029900,511282.355481000,0,HOLD
444,511282.351988000,0.000125100,0.050000000,0.050000000,511282.352113100,511282.401988000,0,HOLD
445,511282.398177600,0.000106900,0.050000000,0.050000000,511282.398284500,511282.448177600,0,HOLD
446,511282.459868000,0.000132200,0.050000000,0.050000000,511282.460000200,511282.509868000,0,HOLD
447,511282.506802800,0.000109300,0.050000000,0.050000000,511282.506912100,511282.556802800,0,HOLD
448,511282.552572700,0.000149500,0.050000000,0.050000000,511282.552722200,511282.602572700,0,HOLD
449,511282.598587700,0.000144000,0.050000000,0.050000000,511282.598731700,511282.648587700,0,HOLD
450,511282.659477400,0.000125200,0.050000000,0.050000000,511282.659602600,511282.709477400,0,HOLD
451,511282.706644600,0.000273300,0.050000000,0.050000000,511282.706917900,511282.756644600,0,HOLD
452,511282.754333000,0.000090000,0.050000000,0.050000000,511282.754423000,511282.804333000,0,HOLD
453,511282.800783800,0.000114800,0.050000000,0.050000000,511282.800898600,511282.850783800,0,HOLD
454,511282.846737100,0.000153100,0.050000000,0.050000000,511282.846890200,511282.896737100,0,HOLD
455,511282.908054400,0.000174800,0.050000000,0.050000000,511282.908229200,511282.958054400,0,HOLD
456,511282.956048100,0.000135900,0.050000000,0.050000000,511282.956184000,511283.006048100,0,HOLD
457,511283.000574000,0.000147400,0.050000000,0.050000000,511283.000721400,511283.050574000,0,HOLD
458,511283.047207900,0.000105700,0.050000000,0.050000000,511283.047313600,511283.097207900,0,HOLD
459,511283.110220400,0.000124400,0.050000000,0.050000000,511283.110344800,511283.160220400,0,HOLD
460,511283.156813000,0.000163500,0.050000000,0.050000000,511283.156976500,511283.206813000,0,HOLD
461,511283.203968600,0.000163400,0.050000000,0.050000000,511283.204132000,511283.253968600,0,HOLD
462,511283.251535900,0.000147900,0.050000000,0.050000000,511283.251683800,511283.301535900,0,HOLD
463,511283.298006100,0.000128300,0.050000000,0.050000000,511283.298134400,511283.348006100,0,HOLD
464,511283.360063200,0.000116600,0.050000000,0.050000000,511283.360179800,511283.410063200,0,HOLD
465,511283.405204300,0.000104200,0.050000000,0.050000000,511283.405308500,511283.455204300,0,HOLD
466,511283.451217500,0.000143500,0.050000000,0.050000000,511283.451361000,511283.501217500,0,HOLD
467,511283.497051700,0.000146700,0.050000000,0.050000000,511283.497198400,511283.547051700,0,HOLD
468,511283.559362700,0.000137300,0.050000000,0.050000000,511283.559500000,511283.609362700,0,HOLD
469,511283.604829300,0.000154200,0.050000000,0.050000000,511283.604983500,511283.654829300,0,HOLD
470,511283.651953900,0.000101900,0.050000000,0.050000000,511283.652055800,511283.701953900,0,HOLD
471,511283.698818900,0.000102600,0.050000000,0.050000000,511283.698921500,511283.748818900,0,HOLD
472,511283.759582800,0.000105100,0.050000000,0.050000000,511283.759687900,511283.809582800,0,HOLD
473,511283.806567600,0.000077400,0.050000000,0.050000000,511283.806645000,511283.856567600,0,HOLD
474,511283.853989500,0.000160800,0.050000000,0.050000000,511283.854150300,511283.903989500,0,HOLD
475,511283.900741800,0.000143000,0.050000000,0.050000000,511283.900884800,511283.950741800,0,HOLD
476,511283.946989400,0.000110100,0.050000000,0.050000000,511283.947099500,511283.996989400,0,HOLD
477,511284.006633600,0.000148100,0.050000000,0.050000000,511284.006781700,511284.056633600,0,HOLD
478,511284.054459600,0.000092000,0.050000000,0.050000000,511284.054551600,511284.104459600,0,HOLD
479,511284.101060600,0.000104200,0.050000000,0.050000000,511284.101164800,511284.151060600,0,HOLD
480,511284.148130100,0.000129400,0.050000000,0.050000000,511284.148259500,511284.198130100,0,HOLD
481,511284.210261400,0.000145300,0.050000000,0.050000000,511284.210406700,511284.260261400,0,HOLD
482,511284.257753100,0.000141000,0.050000000,0.050000000,511284.257894100,511284.307753100,0,HOLD
483,511284.303321600,0.000189900,0.050000000,0.050000000,511284.303511500,511284.353321600,0,HOLD
484,511284.349972900,0.000097900,0.050000000,0.050000000,511284.350070800,511284.399972900,0,HOLD
485,511284.397273700,0.000077900,0.050000000,0.050000000,511284.397351600,511284.447273700,0,HOLD
486,511284.459781500,0.000117700,0.050000000,0.050000000,511284.459899200,511284.509781500,0,HOLD
487,511284.506496800,0.000147300,0.050000000,0.050000000,511284.506644100,511284.556496800,0,HOLD
488,511284.552983300,0.000289500,0.050000000,0.050000000,511284.553272800,511284.602983300,0,HOLD
489,511284.599521600,0.000073100,0.050000000,0.050000000,511284.599594700,511284.649521600,0,HOLD
490,511284.661704000,0.000110900,0.050000000,0.050000000,511284.661814900,511284.711704000,0,HOLD
491,511284.709222900,0.000140600,0.050000000,0.050000000,511284.709363500,511284.759222900,0,HOLD
492,511284.755258300,0.000132500,0.050000000,0.050000000,511284.755390800,511284.805258300,0,HOLD
493,511284.801920900,0.000108600,0.050000000,0.050000000,511284.802029500,511284.851920900,0,HOLD
494,511284.849825000,0.000101800,0.050000000,0.050000000,511284.849926800,511284.899825000,0,HOLD
495,511284.910746100,0.000110900,0.050000000,0.050000000,511284.910857000,511284.960746100,0,HOLD
496,511284.957423700,0.000109800,0.050000000,0.050000000,511284.957533500,511285.007423700,0,HOLD
497,511285.005303400,0.000478700,0.050000000,0.050000000,511285.005782100,511285.055303400,0,HOLD
498,511285.052273800,0.000066600,0.050000000,0.050000000,511285.052340400,511285.102273800,0,HOLD
499,511285.099491500,0.000075700,0.050000000,0.050000000,511285.099567200,511285.149491500,0,HOLD
500,511285.146719500,0.000076300,0.050000000,0.050000000,511285.146795800,511285.196719500,0,HOLD
501,511285.209945600,0.000094800,0.050000000,0.050000000,511285.210040400,511285.259945600,0,HOLD
502,511285.256928500,0.000085700,0.050000000,0.050000000,511285.257014200,511285.306928500,0,HOLD
503,511285.303405100,0.000223900,0.050000000,0.050000000,511285.303629000,511285.353405100,0,HOLD
504,511285.350347900,0.000127900,0.050000000,0.050000000,511285.350475800,511285.400347900,0,HOLD
505,511285.397191100,0.000083500,0.050000000,0.050000000,511285.397274600,511285.447191100,0,HOLD
506,511285.459329500,0.000127300,0.050000000,0.050000000,511285.459456800,511285.509329500,0,HOLD
507,511285.505222400,0.000080900,0.050000000,0.050000000,511285.505303300,511285.555222400,0,HOLD
508,511285.551460400,0.000097500,0.050000000,0.050000000,511285.551557900,511285.601460400,0,HOLD
509,511285.599678300,0.000085500,0.050000000,0.050000000,511285.599763800,511285.649678300,0,HOLD
510,511285.660853900,0.000115300,0.050000000,0.050000000,511285.660969200,511285.710853900,0,HOLD
511,511285.707449600,0.000321000,0.050000000,0.050000000,511285.707770600,511285.757449600,0,HOLD
512,511285.753599900,0.000109200,0.050000000,0.050000000,511285.753709100,511285.803599900,0,HOLD
513,511285.801237200,0.000115300,0.050000000,0.050000000,511285.801352500,511285.851237200,0,HOLD
514,511285.847471000,0.000102600,0.050000000,0.050000000,511285.847573600,511285.897471000,0,HOLD
515,511285.909560400,0.000134300,0.050000000,0.050000000,511285.909694700,511285.959560400,0,HOLD
516,511285.957314900,0.000124900,0.050000000,0.050000000,511285.957439800,511286.007314900,0,HOLD
517,511286.003722000,0.000607900,0.050000000,0.050000000,511286.004329900,511286.053722000,0,HOLD
518,511286.051359300,0.000144400,0.050000000,0.050000000,511286.051503700,511286.101359300,0,HOLD
519,511286.097533800,0.000219700,0.050000000,0.050000000,511286.097753500,511286.147533800,0,HOLD
520,511286.158280200,0.000229100,0.050000000,0.050000000,511286.158509300,511286.208280200,0,HOLD
521,511286.206149500,0.000136100,0.050000000,0.050000000,511286.206285600,511286.256149500,0,HOLD
522,511286.252638300,0.000117600,0.050000000,0.050000000,511286.252755900,511286.302638300,0,HOLD
523,511286.298434300,0.000178700,0.050000000,0.050000000,511286.298613000,511286.348434300,0,HOLD
524,511286.359943900,0.000205000,0.050000000,0.050000000,511286.360148900,511286.409943900,0,HOLD
525,511286.406294800,0.000126600,0.050000000,0.050000000,511286.406421400,511286.456294800,0,HOLD
526,511286.453318500,0.000082500,0.050000000,0.050000000,511286.453401000,511286.503318500,0,HOLD
527,511286.500256400,0.000120200,0.050000000,0.050000000,511286.500376600,511286.550256400,0,HOLD
528,511286.548116800,0.000104600,0.050000000,0.050000000,511286.548221400,511286.598116800,0,HOLD
529,511286.610541800,0.000115500,0.050000000,0.050000000,511286.610657300,511286.660541800,0,HOLD
530,511286.657364200,0.000086100,0.050000000,0.050000000,511286.657450300,511286.707364200,0,HOLD
531,511286.705353000,0.000111800,0.050000000,0.050000000,511286.705464800,511286.755353000,0,HOLD
532,511286.751281700,0.000072500,0.050000000,0.050000000,511286.751354200,511286.801281700,0,HOLD
533,511286.797799200,0.000142800,0.050000000,0.050000000,511286.797942000,511286.847799200,0,HOLD
534,511286.860814200,0.000094700,0.050000000,0.050000000,511286.860908900,511286.910814200,0,HOLD
535,511286.908559700,0.000084300,0.050000000,0.050000000,511286.908644000,511286.958559700,0,HOLD
536,511286.956347200,0.000115500,0.050000000,0.050000000,511286.956462700,511287.006347200,0,HOLD
537,511287.003043500,0.000138600,0.050000000,0.050000000,511287.003182100,511287.053043500,0,HOLD
538,511287.049686200,0.000070600,0.050000000,0.050000000,511287.049756800,511287.099686200,0,HOLD
539,511287.111957400,0.000088300,0.050000000,0.050000000,511287.112045700,511287.161957400,0,HOLD
540,511287.158698400,0.000110800,0.050000000,0.050000000,511287.158809200,511287.208698400,0,HOLD
541,511287.205974100,0.000170200,0.050000000,0.050000000,511287.206144300,511287.255974100,0,HOLD
542,511287.254186200,0.000234900,0.050000000,0.050000000,511287.254421100,511287.304186200,0,HOLD
543,511287.300190600,0.000111400,0.050000000,0.050000000,511287.300302000,511287.350190600,0,HOLD
544,511287.346764500,0.000109700,0.050000000,0.050000000,511287.346874200,511287.396764500,0,HOLD
545,511287.408363800,0.000090500,0.050000000,0.050000000,511287.408454300,511287.458363800,0,HOLD
546,511287.456404100,0.000062500,0.050000000,0.050000000,511287.456466600,511287.506404100,0,HOLD
547,511287.502240700,0.000215200,0.050000000,0.050000000,511287.502455900,511287.552240700,0,HOLD
548,511287.550323000,0.000077200,0.050000000,0.050000000,511287.550400200,511287.600323000,0,HOLD
549,511287.596687900,0.000105200,0.050000000,0.050000000,511287.596793100,511287.646687900,0,HOLD
550,511287.658380300,0.000127500,0.050000000,0.050000000,511287.658507800,511287.708380300,0,HOLD
551,511287.704873900,0.000107900,0.050000000,0.050000000,511287.704981800,511287.754873900,0,HOLD
552,511287.752072100,0.000110800,0.050000000,0.050000000,511287.752182900,511287.802072100,0,HOLD
553,511287.798797300,0.000067500,0.050000000,0.050000000,511287.798864800,511287.848797300,0,HOLD
554,511287.860693500,0.000207100,0.050000000,0.050000000,511287.860900600,511287.910693500,0,HOLD
555,511287.907052900,0.000113600,0.050000000,0.050000000,511287.907166500,511287.957052900,0,HOLD
556,511287.953475300,0.000127700,0.050000000,0.050000000,511287.953603000,511288.003475300,0,HOLD
557,511288.000148400,0.000111300,0.050000000,0.050000000,511288.000259700,511288.050148400,0,HOLD
558,511288.045743300,0.000121900,0.050000000,0.050000000,511288.045865200,511288.095743300,0,HOLD
559,511288.110033700,0.000109700,0.050000000,0.050000000,511288.110143400,511288.160033700,0,HOLD
560,511288.156736500,0.000171600,0.050000000,0.050000000,511288.156908100,511288.206736500,0,HOLD
561,511288.203093600,0.000096000,0.050000000,0.050000000,511288.203189600,511288.253093600,0,HOLD
562,511288.250452100,0.000201200,0.050000000,0.050000000,511288.250653300,511288.300452100,0,HOLD
563,511288.297148600,0.000102200,0.050000000,0.050000000,511288.297250800,511288.347148600,0,HOLD
564,511288.359423400,0.000126000,0.050000000,0.050000000,511288.359549400,511288.409423400,0,HOLD
565,511288.406965700,0.000148200,0.050000000,0.050000000,511288.407113900,511288.456965700,0,HOLD
566,511288.454447600,0.000152100,0.050000000,0.050000000,511288.454599700,511288.504447600,0,HOLD
567,511288.500483600,0.000104700,0.050000000,0.050000000,511288.500588300,511288.550483600,0,HOLD
568,511288.547636600,0.000088400,0.050000000,0.050000000,511288.547725000,511288.597636600,0,HOLD
569,511288.610619000,0.000128500,0.050000000,0.050000000,511288.610747500,511288.660619000,0,HOLD
570,511288.658149900,0.000117700,0.050000000,0.050000000,511288.658267600,511288.708149900,0,HOLD
571,511288.705461800,0.000132000,0.050000000,0.050000000,511288.705593800,511288.755461800,0,HOLD
572,511288.751827300,0.000100500,0.050000000,0.050000000,511288.751927800,511288.801827300,0,HOLD
573,511288.797600500,0.000105900,0.050000000,0.050000000,511288.797706400,511288.847600500,0,HOLD
574,511288.859247100,0.000145700,0.050000000,0.050000000,511288.859392800,511288.909247100,0,HOLD
575,511288.907066000,0.000128800,0.050000000,0.050000000,511288.907194800,511288.957066000,0,HOLD
576,511288.953822600,0.000125700,0.050000000,0.050000000,511288.953948300,511289.003822600,0,HOLD
577,511289.000189200,0.000103200,0.050000000,0.050000000,511289.000292400,511289.050189200,0,HOLD
578,511289.046855400,0.000136300,0.050000000,0.050000000,511289.046991700,511289.096855400,0,HOLD
579,511289.108924200,0.000103800,0.050000000,0.050000000,511289.109028000,511289.158924200,0,HOLD
580,511289.157035700,0.000110400,0.050000000,0.050000000,511289.157146100,511289.207035700,0,HOLD
581,511289.203135100,0.000122100,0.050000000,0.050000000,511289.203257200,511289.253135100,0,HOLD
582,511289.250877000,0.000115000,0.050000000,0.050000000,511289.250992000,511289.300877000,0,HOLD
583,511289.296930300,0.000125700,0.050000000,0.050000000,511289.297056000,511289.346930300,0,HOLD
584,511289.358502100,0.000121700,0.050000000,0.050000000,511289.358623800,511289.408502100,0,HOLD
585,511289.405161100,0.000122100,0.050000000,0.050000000,511289.405283200,511289.455161100,0,HOLD
586,511289.452002400,0.000114900,0.050000000,0.050000000,511289.452117300,511289.502002400,0,HOLD
587,511289.499970200,0.000064100,0.050000000,0.050000000,511289.500034300,511289.549970200,0,HOLD
588,511289.546650500,0.000089700,0.050000000,0.050000000,511289.546740200,511289.596650500,0,HOLD
589,511289.608215500,0.000114600,0.050000000,0.050000000,511289.608330100,511289.658215500,0,HOLD
590,511289.654203500,0.000108700,0.050000000,0.050000000,511289.654312200,511289.704203500,0,HOLD
591,511289.701167800,0.000083700,0.050000000,0.050000000,511289.701251500,511289.751167800,0,HOLD
592,511289.748775000,0.000092200,0.050000000,0.050000000,511289.748867200,511289.798775000,0,HOLD
593,511289.810137700,0.000168500,0.050000000,0.050000000,511289.810306200,511289.860137700,0,HOLD
594,511289.857549300,0.000072200,0.050000000,0.050000000,511289.857621500,511289.907549300,0,HOLD
595,511289.904090000,0.000116000,0.050000000,0.050000000,511289.904206000,511289.954090000,0,HOLD
596,511289.951222300,0.000106100,0.050000000,0.050000000,511289.951328400,511290.001222300,0,HOLD
597,511289.997903600,0.000121300,0.050000000,0.050000000,511289.998024900,511290.047903600,0,HOLD
598,511290.058817200,0.000181300,0.050000000,0.050000000,511290.058998500,511290.108817200,0,HOLD
599,511290.105727400,0.000144700,0.050000000,0.050000000,511290.105872100,511290.155727400,0,HOLD
600,511290.152533100,0.000119600,0.050000000,0.050000000,511290.152652700,511290.202533100,0,HOLD
601,511290.200613300,0.000104500,0.050000000,0.050000000,511290.200717800,511290.250613300,0,HOLD
602,511290.246311100,0.000107400,0.050000000,0.050000000,511290.246418500,511290.296311100,0,HOLD
603,511290.309560300,0.000203100,0.050000000,0.050000000,511290.309763400,511290.359560300,0,HOLD
604,511290.357800800,0.000175700,0.050000000,0.050000000,511290.357976500,511290.407800800,0,HOLD
605,511290.403325000,0.000155000,0.050000000,0.050000000,511290.403480000,511290.453325000,0,HOLD
606,511290.451104600,0.000133600,0.050000000,0.050000000,511290.451238200,511290.501104600,0,HOLD
607,511290.497709200,0.000107500,0.050000000,0.050000000,511290.497816700,511290.547709200,0,HOLD
608,511290.560146200,0.000220200,0.050000000,0.050000000,511290.560366400,511290.610146200,0,HOLD
609,511290.605987200,0.000114400,0.050000000,0.050000000,511290.606101600,511290.655987200,0,HOLD
610,511290.653175900,0.000121500,0.050000000,0.050000000,511290.653297400,511290.703175900,0,HOLD
611,511290.699662800,0.000120200,0.050000000,0.050000000,511290.699783000,511290.749662800,0,HOLD
612,511290.746122500,0.000112800,0.050000000,0.050000000,511290.746235300,511290.796122500,0,HOLD
613,511290.809494200,0.000116700,0.050000000,0.050000000,511290.809610900,511290.859494200,0,HOLD
614,511290.857112400,0.000101800,0.050000000,0.050000000,511290.857214200,511290.907112400,0,HOLD
615,511290.903339900,0.000115300,0.050000000,0.050000000,511290.903455200,511290.953339900,0,HOLD
616,511290.950666800,0.000138700,0.050000000,0.050000000,511290.950805500,511291.000666800,0,HOLD
617,511290.996794200,0.000104500,0.050000000,0.050000000,511290.996898700,511291.046794200,0,HOLD
618,511291.059073900,0.000079600,0.050000000,0.050000000,511291.059153500,511291.109073900,0,HOLD
619,511291.106118900,0.000130400,0.050000000,0.050000000,511291.106249300,511291.156118900,0,HOLD
620,511291.151943600,0.000097300,0.050000000,0.050000000,511291.152040900,511291.201943600,0,HOLD
621,511291.197964800,0.000111700,0.050000000,0.050000000,511291.198076500,511291.247964800,0,HOLD
622,511291.260404000,0.000188700,0.050000000,0.050000000,511291.260592700,511291.310404000,0,HOLD
623,511291.308226200,0.000105100,0.050000000,0.050000000,511291.308331300,511291.358226200,0,HOLD
624,511291.356567300,0.000084200,0.050000000,0.050000000,511291.356651500,511291.406567300,0,HOLD
625,511291.403083100,0.000159400,0.050000000,0.050000000,511291.403242500,511291.453083100,0,HOLD
626,511291.451180600,0.000109000,0.050000000,0.050000000,511291.451289600,511291.501180600,0,HOLD
627,511291.498240100,0.000149600,0.050000000,0.050000000,511291.498389700,511291.548240100,0,HOLD
628,511291.560567000,0.000100400,0.050000000,0.050000000,511291.560667400,511291.610567000,0,HOLD
629,511291.605912700,0.000106500,0.050000000,0.050000000,511291.606019200,511291.655912700,0,HOLD
630,511291.652239200,0.000095000,0.050000000,0.050000000,511291.652334200,511291.702239200,0,HOLD
631,511291.698015200,0.000078200,0.050000000,0.050000000,511291.698093400,511291.748015200,0,HOLD
632,511291.759329600,0.000190000,0.050000000,0.050000000,511291.759519600,511291.809329600,0,HOLD
633,511291.806740100,0.000085700,0.050000000,0.050000000,511291.806825800,511291.856740100,0,HOLD
634,511291.852552000,0.000076800,0.050000000,0.050000000,511291.852628800,511291.902552000,0,HOLD
635,511291.900405700,0.000096700,0.050000000,0.050000000,511291.900502400,511291.950405700,0,HOLD
636,511291.946340500,0.000101100,0.050000000,0.050000000,511291.946441600,511291.996340500,0,HOLD
637,511292.009128000,0.000108200,0.050000000,0.050000000,511292.009236200,511292.059128000,0,HOLD
638,511292.055730600,0.000101300,0.050000000,0.050000000,511292.055831900,511292.105730600,0,HOLD
639,511292.102313000,0.000112900,0.050000000,0.050000000,511292.102425900,511292.152313000,0,HOLD
640,511292.150183400,0.000097500,0.050000000,0.050000000,511292.150280900,511292.200183400,0,HOLD
641,511292.211833700,0.000203600,0.050000000,0.050000000,511292.212037300,511292.261833700,0,HOLD
642,511292.259212400,0.000156800,0.050000000,0.050000000,511292.259369200,511292.309212400,0,HOLD
643,511292.306685500,0.000268700,0.050000000,0.050000000,511292.306954200,511292.356685500,0,HOLD
644,511292.355422700,0.000161100,0.050000000,0.050000000,511292.355583800,511292.405422700,0,HOLD
645,511292.401480500,0.000108700,0.050000000,0.050000000,511292.401589200,511292.451480500,0,HOLD
646,511292.448776600,0.000110200,0.050000000,0.050000000,511292.448886800,511292.498776600,0,HOLD
647,511292.510645000,0.000152600,0.050000000,0.050000000,511292.510797600,511292.560645000,0,HOLD
648,511292.557693300,0.000142600,0.050000000,0.050000000,511292.557835900,511292.607693300,0,HOLD
649,511292.605310000,0.000150100,0.050000000,0.050000000,511292.605460100,511292.655310000,0,HOLD
650,511292.652274000,0.000265300,0.050000000,0.050000000,511292.652539300,511292.702274000,0,HOLD
651,511292.700038000,0.000175600,0.050000000,0.050000000,511292.700213600,511292.750038000,0,HOLD
652,511292.747409500,0.000163800,0.050000000,0.050000000,511292.747573300,511292.797409500,0,HOLD
653,511292.810153500,0.000183400,0.050000000,0.050000000,511292.810336900,511292.860153500,0,HOLD
654,511292.857566100,0.000164400,0.050000000,0.050000000,511292.857730500,511292.907566100,0,HOLD
655,511292.905377500,0.000182100,0.050000000,0.050000000,511292.905559600,511292.955377500,0,HOLD
656,511292.952325300,0.000121400,0.050000000,0.050000000,511292.952446700,511293.002325300,0,HOLD
657,511292.998491000,0.000097600,0.050000000,0.050000000,511292.998588600,511293.048491000,0,HOLD
658,511293.060669900,0.000065500,0.050000000,0.050000000,511293.060735400,511293.110669900,0,HOLD
659,511293.107443700,0.000118000,0.050000000,0.050000000,511293.107561700,511293.157443700,0,HOLD
660,511293.154262000,0.000105700,0.050000000,0.050000000,511293.154367700,511293.204262000,0,HOLD
661,511293.200843800,0.000105000,0.050000000,0.050000000,511293.200948800,511293.250843800,0,HOLD
662,511293.247707600,0.000272000,0.050000000,0.050000000,511293.247979600,511293.297707600,0,HOLD
663,511293.310356100,0.000134900,0.050000000,0.050000000,511293.310491000,511293.360356100,0,HOLD
664,511293.358718100,0.000114000,0.050000000,0.050000000,511293.358832100,511293.408718100,0,HOLD
665,511293.404376600,0.000107400,0.050000000,0.050000000,511293.404484000,511293.454376600,0,HOLD
666,511293.450543200,0.000108900,0.050000000,0.050000000,511293.450652100,511293.500543200,0,HOLD
667,511293.496745100,0.000120700,0.050000000,0.050000000,511293.496865800,511293.546745100,0,HOLD
668,511293.558171700,0.000070600,0.050000000,0.050000000,511293.558242300,511293.608171700,0,HOLD
669,511293.604091000,0.000084700,0.050000000,0.050000000,511293.604175700,511293.654091000,0,HOLD
670,511293.651418100,0.000060500,0.050000000,0.050000000,511293.651478600,511293.701418100,0,HOLD
671,511293.698032700,0.000105400,0.050000000,0.050000000,511293.698138100,511293.748032700,0,HOLD
672,511293.759783800,0.000111800,0.050000000,0.050000000,511293.759895600,511293.809783800,0,HOLD
673,511293.805624800,0.000125800,0.050000000,0.050000000,511293.805750600,511293.855624800,0,HOLD
674,511293.852689300,0.000115000,0.050000000,0.050000000,511293.852804300,511293.902689300,0,HOLD
675,511293.900030200,0.000102500,0.050000000,0.050000000,511293.900132700,511293.950030200,0,HOLD
676,511293.961521500,0.000119800,0.050000000,0.050000000,511293.961641300,511294.011521500,0,HOLD
677,511294.009638200,0.000062000,0.050000000,0.050000000,511294.009700200,511294.059638200,0,HOLD
678,511294.055441600,0.000089500,0.050000000,0.050000000,511294.055531100,511294.105441600,0,HOLD
679,511294.102297800,0.000123800,0.050000000,0.050000000,511294.102421600,511294.152297800,0,HOLD
680,511294.149733000,0.000099700,0.050000000,0.050000000,511294.149832700,511294.199733000,0,HOLD
681,511294.197531000,0.000086600,0.050000000,0.050000000,511294.197617600,511294.247531000,0,HOLD
682,511294.259738600,0.000064800,0.050000000,0.050000000,511294.259803400,511294.309738600,0,HOLD
683,511294.307055700,0.000127100,0.050000000,0.050000000,511294.307182800,511294.357055700,0,HOLD
684,511294.355295800,0.000125400,0.050000000,0.050000000,511294.355421200,511294.405295800,0,HOLD
685,511294.401117400,0.000120300,0.050000000,0.050000000,511294.401237700,511294.451117400,0,HOLD
686,511294.448713100,0.000121000,0.050000000,0.050000000,511294.448834100,511294.498713100,0,HOLD
687,511294.509369200,0.000096900,0.050000000,0.050000000,511294.509466100,511294.559369200,0,HOLD
688,511294.555240200,0.000084600,0.050000000,0.050000000,511294.555324800,511294.605240200,0,HOLD
689,511294.601743500,0.000126800,0.050000000,0.050000000,511294.601870300,511294.651743500,0,HOLD
690,511294.647139000,0.000106700,0.050000000,0.050000000,511294.647245700,511294.697139000,0,HOLD
691,511294.709661200,0.000121000,0.050000000,0.050000000,511294.709782200,511294.759661200,0,HOLD
692,511294.758107600,0.000080100,0.050000000,0.050000000,511294.758187700,511294.808107600,0,HOLD
693,511294.805284000,0.000119000,0.050000000,0.050000000,511294.805403000,511294.855284000,0,HOLD
694,511294.852605500,0.000101900,0.050000000,0.050000000,511294.852707400,511294.902605500,0,HOLD
695,511294.898935500,0.000065800,0.050000000,0.050000000,511294.899001300,511294.948935500,0,HOLD
696,511294.945566600,0.000132000,0.050000000,0.050000000,511294.945698600,511294.995566600,0,HOLD
697,511295.008302600,0.000147800,0.050000000,0.050000000,511295.008450400,511295.058302600,0,HOLD
698,511295.056418400,0.000155600,0.050000000,0.050000000,511295.056574000,511295.106418400,0,HOLD
699,511295.103459000,0.000119000,0.050000000,0.050000000,511295.103578000,511295.153459000,0,HOLD
700,511295.151192900,0.000091500,0.050000000,0.050000000,511295.151284400,511295.201192900,0,HOLD
701,511295.200014100,0.000077300,0.050000000,0.050000000,511295.200091400,511295.250014100,0,HOLD
702,511295.261769500,0.000102700,0.050000000,0.050000000,511295.261872200,511295.311769500,0,HOLD
703,511295.308184800,0.000177200,0.050000000,0.050000000,511295.308362000,511295.358184800,0,HOLD
704,511295.356044800,0.000135500,0.050000000,0.050000000,511295.356180300,511295.406044800,0,HOLD
705,511295.402717800,0.000114200,0.050000000,0.050000000,511295.402832000,511295.452717800,0,HOLD
706,511295.447492400,0.000122800,0.050000000,0.050000000,511295.447615200,511295.497492400,0,HOLD
707,511295.509635500,0.000130800,0.050000000,0.050000000,511295.509766300,511295.559635500,0,HOLD
708,511295.556987300,0.000088500,0.050000000,0.050000000,511295.557075800,511295.606987300,0,HOLD
709,511295.602719200,0.000074700,0.050000000,0.050000000,511295.602793900,511295.652719200,0,HOLD
710,511295.650672700,0.000096200,0.050000000,0.050000000,511295.650768900,511295.700672700,0,HOLD
711,511295.697256800,0.000085100,0.050000000,0.050000000,511295.697341900,511295.747256800,0,HOLD
712,511295.759584500,0.000118300,0.050000000,0.050000000,511295.759702800,511295.809584500,0,HOLD
713,511295.806285000,0.000151900,0.050000000,0.050000000,511295.806436900,511295.856285000,0,HOLD
714,511295.852372600,0.000154100,0.050000000,0.050000000,511295.852526700,511295.902372600,0,HOLD
715,511295.897761600,0.000132700,0.050000000,0.050000000,511295.897894300,511295.947761600,0,HOLD
716,511295.960910600,0.000114900,0.050000000,0.050000000,511295.961025500,511296.010910600,0,HOLD
717,511296.007198400,0.000094000,0.050000000,0.050000000,511296.007292400,511296.057198400,0,HOLD
718,511296.053617500,0.000082300,0.050000000,0.050000000,511296.053699800,511296.103617500,0,HOLD
719,511296.101342700,0.000109100,0.050000000,0.050000000,511296.101451800,511296.151342700,0,HOLD
720,511296.149756100,0.000104000,0.050000000,0.050000000,511296.149860100,511296.199756100,0,HOLD
721,511296.197075100,0.000086300,0.050000000,0.050000000,511296.197161400,511296.247075100,0,HOLD
722,511296.259609600,0.000136800,0.050000000,0.050000000,511296.259746400,511296.309609600,0,HOLD
723,511296.305680300,0.000149100,0.050000000,0.050000000,511296.305829400,511296.355680300,0,HOLD
724,511296.352515800,0.000183800,0.050000000,0.050000000,511296.352699600,511296.402515800,0,HOLD
725,511296.400427300,0.000111900,0.050000000,0.050000000,511296.400539200,511296.450427300,0,HOLD
726,511296.446355000,0.000143800,0.050000000,0.050000000,511296.446498800,511296.496355000,0,HOLD
727,511296.509606200,0.000127000,0.050000000,0.050000000,511296.509733200,511296.559606200,0,HOLD
728,511296.556205700,0.000114300,0.050000000,0.050000000,511296.556320000,511296.606205700,0,HOLD
729,511296.602746600,0.000112100,0.050000000,0.050000000,511296.602858700,511296.652746600,0,HOLD
730,511296.649965800,0.000099600,0.050000000,0.050000000,511296.650065400,511296.699965800,0,HOLD
731,511296.696620200,0.000084000,0.050000000,0.050000000,511296.696704200,511296.746620200,0,HOLD
732,511296.759527100,0.000123300,0.050000000,0.050000000,511296.759650400,511296.809527100,0,HOLD
733,511296.805284200,0.000125800,0.050000000,0.050000000,511296.805410000,511296.855284200,0,HOLD
734,511296.851913000,0.000090100,0.050000000,0.050000000,511296.852003100,511296.901913000,0,HOLD
735,511296.898126300,0.000131100,0.050000000,0.050000000,511296.898257400,511296.948126300,0,HOLD
736,511296.959113100,0.000203200,0.050000000,0.050000000,511296.959316300,511297.009113100,0,HOLD
737,511297.006612000,0.000219700,0.050000000,0.050000000,511297.006831700,511297.056612000,0,HOLD
738,511297.052450800,0.000121500,0.050000000,0.050000000,511297.052572300,511297.102450800,0,HOLD
739,511297.100526700,0.000113800,0.050000000,0.050000000,511297.100640500,511297.150526700,0,HOLD
740,511297.161209100,0.000153300,0.050000000,0.050000000,511297.161362400,511297.211209100,0,HOLD
741,511297.209619800,0.000091000,0.050000000,0.050000000,511297.209710800,511297.259619800,0,HOLD
742,511297.257439000,0.000113200,0.050000000,0.050000000,511297.257552200,511297.307439000,0,HOLD
743,511297.302911400,0.000139600,0.050000000,0.050000000,511297.303051000,511297.352911400,0,HOLD
744,511297.350194700,0.000077100,0.050000000,0.050000000,511297.350271800,511297.400194700,0,HOLD
745,511297.396753300,0.000115700,0.050000000,0.050000000,511297.396869000,511297.446753300,0,HOLD
746,511297.458356600,0.000125800,0.050000000,0.050000000,511297.458482400,511297.508356600,0,HOLD
747,511297.505523900,0.000208600,0.050000000,0.050000000,511297.505732500,511297.555523900,0,HOLD
748,511297.552023300,0.000114900,0.050000000,0.050000000,511297.552138200,511297.602023300,0,HOLD
749,511297.599832200,0.000131800,0.050000000,0.050000000,511297.599964000,511297.649832200,0,HOLD
750,511297.661109500,0.000143000,0.050000000,0.050000000,511297.661252500,511297.711109500,0,HOLD
751,511297.707113400,0.000162100,0.050000000,0.050000000,511297.707275500,511297.757113400,0,HOLD
752,511297.755364500,0.000124100,0.050000000,0.050000000,511297.755488600,511297.805364500,0,HOLD
753,511297.801459800,0.000158300,0.050000000,0.050000000,511297.801618100,511297.851459800,0,HOLD
754,511297.848996200,0.000116000,0.050000000,0.050000000,511297.849112200,511297.898996200,0,HOLD
755,511297.909490900,0.000199200,0.050000000,0.050000000,511297.909690100,511297.959490900,0,HOLD
756,511297.956677700,0.000170300,0.050000000,0.050000000,511297.956848000,511298.006677700,0,HOLD
757,511298.003162000,0.000176500,0.050000000,0.050000000,511298.003338500,511298.053162000,0,HOLD
758,511298.050243300,0.000105500,0.050000000,0.050000000,511298.050348800,511298.100243300,0,HOLD
759,511298.097308200,0.000120300,0.050000000,0.050000000,511298.097428500,511298.147308200,0,HOLD
760,511298.159522600,0.000111500,0.050000000,0.050000000,511298.159634100,511298.209522600,0,HOLD
761,511298.206111100,0.000138000,0.050000000,0.050000000,511298.206249100,511298.256111100,0,HOLD
762,511298.252624900,0.000091100,0.050000000,0.050000000,511298.252716000,511298.302624900,0,HOLD
763,511298.299625100,0.000076200,0.050000000,0.050000000,511298.299701300,511298.349625100,0,HOLD
764,511298.360891000,0.000126400,0.050000000,0.050000000,511298.361017400,511298.410891000,0,HOLD
765,511298.409391000,0.000087500,0.050000000,0.050000000,511298.409478500,511298.459391000,0,HOLD
766,511298.456871700,0.000106500,0.050000000,0.050000000,511298.456978200,511298.506871700,0,HOLD
767,511298.503334700,0.000075900,0.050000000,0.050000000,511298.503410600,511298.553334700,0,HOLD
768,511298.549220200,0.000143700,0.050000000,0.050000000,511298.549363900,511298.599220200,0,HOLD
769,511298.611321300,0.000212800,0.050000000,0.050000000,511298.611534100,511298.661321300,0,HOLD
770,511298.656514100,0.000289500,0.050000000,0.050000000,511298.656803600,511298.706514100,0,HOLD
771,511298.702592200,0.000140100,0.050000000,0.050000000,511298.702732300,511298.752592200,0,HOLD
772,511298.748587600,0.000131900,0.050000000,0.050000000,511298.748719500,511298.798587600,0,HOLD
773,511298.811201500,0.000171400,0.050000000,0.050000000,511298.811372900,511298.861201500,0,HOLD
774,511298.859709500,0.000104700,0.050000000,0.050000000,511298.859814200,511298.909709500,0,HOLD
775,511298.906068500,0.000132300,0.050000000,0.050000000,511298.906200800,511298.956068500,0,HOLD
776,511298.953083100,0.000156200,0.050000000,0.050000000,511298.953239300,511299.003083100,0,HOLD
777,511298.999973100,0.000088300,0.050000000,0.050000000,511299.000061400,511299.049973100,0,HOLD
778,511299.061759200,0.000130700,0.050000000,0.050000000,511299.061889900,511299.111759200,0,HOLD
779,511299.109268800,0.000123600,0.050000000,0.050000000,511299.109392400,511299.159268800,0,HOLD
780,511299.156660400,0.000218800,0.050000000,0.050000000,511299.156879200,511299.206660400,0,HOLD
781,511299.203372900,0.000114700,0.050000000,0.050000000,511299.203487600,511299.253372900,0,HOLD
782,511299.249549500,0.000128700,0.050000000,0.050000000,511299.249678200,511299.299549500,0,HOLD
783,511299.311562900,0.000099600,0.050000000,0.050000000,511299.311662500,511299.361562900,0,HOLD
784,511299.356954100,0.000101500,0.050000000,0.050000000,511299.357055600,511299.406954100,0,HOLD
785,511299.403059900,0.000131900,0.050000000,0.050000000,511299.403191800,511299.453059900,0,HOLD
786,511299.451044300,0.000119000,0.050000000,0.050000000,511299.451163300,511299.501044300,0,HOLD
787,511299.498655900,0.000131800,0.050000000,0.050000000,511299.498787700,511299.548655900,0,HOLD
788,511299.560637800,0.000149900,0.050000000,0.050000000,511299.560787700,511299.610637800,0,HOLD
789,511299.606513200,0.000136200,0.050000000,0.050000000,511299.606649400,511299.656513200,0,HOLD
790,511299.652813700,0.000129900,0.050000000,0.050000000,511299.652943600,511299.702813700,0,HOLD
791,511299.700396700,0.000112300,0.050000000,0.050000000,511299.700509000,511299.750396700,0,HOLD
792,511299.761505300,0.000121000,0.050000000,0.050000000,511299.761626300,511299.811505300,0,HOLD
793,511299.809633100,0.000125200,0.050000000,0.050000000,511299.809758300,511299.859633100,0,HOLD
794,511299.856415600,0.000072000,0.050000000,0.050000000,511299.856487600,511299.906415600,0,HOLD
795,511299.902955500,0.000112000,0.050000000,0.050000000,511299.903067500,511299.952955500,0,HOLD
796,511299.951210100,0.000103400,0.050000000,0.050000000,511299.951313500,511300.001210100,0,HOLD
797,511299.997099000,0.000054700,0.050000000,0.050000000,511299.997153700,511300.047099000,0,HOLD
798,511300.060866800,0.000081400,0.050000000,0.050000000,511300.060948200,511300.110866800,0,HOLD
799,511300.107297300,0.000175400,0.050000000,0.050000000,511300.107472700,511300.157297300,0,HOLD
800,511300.154238700,0.000116800,0.050000000,0.050000000,511300.154355500,511300.204238700,0,HOLD
801,511300.201611500,0.000114300,0.050000000,0.050000000,511300.201725800,511300.251611500,0,HOLD
802,511300.248908300,0.000116900,0.050000000,0.050000000,511300.249025200,511300.298908300,0,HOLD
803,511300.310742000,0.000173300,0.050000000,0.050000000,511300.310915300,511300.360742000,0,HOLD
804,511300.356029000,0.000126000,0.050000000,0.050000000,511300.356155000,511300.406029000,0,HOLD
805,511300.401858500,0.000126100,0.050000000,0.050000000,511300.401984600,511300.451858500,0,HOLD
806,511300.449653700,0.000089900,0.050000000,0.050000000,511300.449743600,511300.499653700,0,HOLD
807,511300.510965900,0.000071100,0.050000000,0.050000000,511300.511037000,511300.560965900,0,HOLD
808,511300.558519200,0.000124100,0.050000000,0.050000000,511300.558643300,511300.608519200,0,HOLD
809,511300.604310300,0.000115000,0.050000000,0.050000000,511300.604425300,511300.654310300,0,HOLD
810,511300.650301300,0.000118000,0.050000000,0.050000000,511300.650419300,511300.700301300,0,HOLD
811,511300.697170800,0.000091400,0.050000000,0.050000000,511300.697262200,511300.747170800,0,HOLD
812,511300.759902000,0.000063300,0.050000000,0.050000000,511300.759965300,511300.809902000,0,HOLD
813,511300.807355100,0.000104900,0.050000000,0.050000000,511300.807460000,511300.857355100,0,HOLD
814,511300.853521700,0.000102200,0.050000000,0.050000000,511300.853623900,511300.903521700,0,HOLD
815,511300.900686100,0.000094400,0.050000000,0.050000000,511300.900780500,511300.950686100,0,HOLD
816,511300.947913500,0.000122700,0.050000000,0.050000000,511300.948036200,511300.997913500,0,HOLD
817,511301.011134100,0.000141500,0.050000000,0.050000000,511301.011275600,511301.061134100,0,HOLD
818,511301.057295100,0.000112200,0.050000000,0.050000000,511301.057407300,511301.107295100,0,HOLD
819,511301.103882400,0.000133300,0.050000000,0.050000000,511301.104015700,511301.153882400,0,HOLD
820,511301.151642200,0.000113200,0.050000000,0.050000000,511301.151755400,511301.201642200,0,HOLD
821,511301.199621600,0.000111700,0.050000000,0.050000000,511301.199733300,511301.249621600,0,HOLD
822,511301.261961300,0.000121700,0.050000000,0.050000000,511301.262083000,511301.311961300,0,HOLD
823,511301.307280000,0.000198400,0.050000000,0.050000000,511301.307478400,511301.357280000,0,HOLD
824,511301.355334600,0.000182100,0.050000000,0.050000000,511301.355516700,511301.405334600,0,HOLD
825,511301.401935300,0.000109100,0.050000000,0.050000000,511301.402044400,511301.451935300,0,HOLD
826,511301.448519900,0.000121100,0.050000000,0.050000000,511301.448641000,511301.498519900,0,HOLD
827,511301.510068800,0.000102600,0.050000000,0.050000000,511301.510171400,511301.560068800,0,HOLD
828,511301.556014400,0.000127900,0.050000000,0.050000000,511301.556142300,511301.606014400,0,HOLD
829,511301.602180300,0.000120700,0.050000000,0.050000000,511301.602301000,511301.652180300,0,HOLD
830,511301.649400300,0.000121500,0.050000000,0.050000000,511301.649521800,511301.699400300,0,HOLD
831,511301.712012800,0.000118300,0.050000000,0.050000000,511301.712131100,511301.762012800,0,HOLD
832,511301.758083300,0.000144900,0.050000000,0.050000000,511301.758228200,511301.808083300,0,HOLD
833,511301.805286000,0.000185600,0.050000000,0.050000000,511301.805471600,511301.855286000,0,HOLD
834,511301.852383100,0.000112000,0.050000000,0.050000000,511301.852495100,511301.902383100,0,HOLD
835,511301.897776400,0.000110400,0.050000000,0.050000000,511301.897886800,511301.947776400,0,HOLD
836,511301.960857200,0.000088400,0.050000000,0.050000000,511301.960945600,511302.010857200,0,HOLD
837,511302.008336000,0.000112900,0.050000000,0.050000000,511302.008448900,511302.058336000,0,HOLD
838,511302.054971900,0.000128800,0.050000000,0.050000000,511302.055100700,511302.104971900,0,HOLD
839,511302.102050900,0.000078300,0.050000000,0.050000000,511302.102129200,511302.152050900,0,HOLD
840,511302.150048500,0.000078900,0.050000000,0.050000000,511302.150127400,511302.200048500,0,HOLD
841,511302.210640600,0.000085200,0.050000000,0.050000000,511302.210725800,511302.260640600,0,HOLD
842,511302.258306300,0.000104900,0.050000000,0.050000000,511302.258411200,511302.308306300,0,HOLD
843,511302.306390700,0.000101100,0.050000000,0.050000000,511302.306491800,511302.356390700,0,HOLD
844,511302.353194000,0.000110700,0.050000000,0.050000000,511302.353304700,511302.403194000,0,HOLD
845,511302.400092700,0.000079400,0.050000000,0.050000000,511302.400172100,511302.450092700,0,HOLD
846,511302.447111600,0.000194100,0.050000000,0.050000000,511302.447305700,511302.497111600,0,HOLD
847,511302.510285800,0.000187400,0.050000000,0.050000000,511302.510473200,511302.560285800,0,HOLD
848,511302.555785000,0.000427000,0.050000000,0.050000000,511302.556212000,511302.605785000,0,HOLD
849,511302.603734300,0.000139900,0.050000000,0.050000000,511302.603874200,511302.653734300,0,HOLD
850,511302.651469800,0.000169900,0.050000000,0.050000000,511302.651639700,511302.701469800,0,HOLD
851,511302.712085200,0.000303400,0.050000000,0.050000000,511302.712388600,511302.762085200,0,HOLD
852,511302.758654900,0.000139400,0.050000000,0.050000000,511302.758794300,511302.808654900,0,HOLD
853,511302.803372500,0.000304100,0.050000000,0.050000000,511302.803676600,511302.853372500,0,HOLD
854,511302.851111600,0.000142600,0.050000000,0.050000000,511302.851254200,511302.901111600,0,HOLD
855,511302.896730400,0.000150300,0.050000000,0.050000000,511302.896880700,511302.946730400,0,HOLD
856,511302.958155200,0.000117900,0.050000000,0.050000000,511302.958273100,511303.008155200,0,HOLD
857,511303.005322600,0.000146100,0.050000000,0.050000000,511303.005468700,511303.055322600,0,HOLD
858,511303.052797400,0.000065200,0.050000000,0.050000000,511303.052862600,511303.102797400,0,HOLD
859,511303.099626400,0.000086000,0.050000000,0.050000000,511303.099712400,511303.149626400,0,HOLD
860,511303.161750100,0.000109200,0.050000000,0.050000000,511303.161859300,511303.211750100,0,HOLD
861,511303.209257800,0.000305400,0.050000000,0.050000000,511303.209563200,511303.259257800,0,HOLD
862,511303.255192700,0.000128600,0.050000000,0.050000000,511303.255321300,511303.305192700,0,HOLD
863,511303.302481700,0.000116800,0.050000000,0.050000000,511303.302598500,511303.352481700,0,HOLD
864,511303.351058700,0.000115700,0.050000000,0.050000000,511303.351174400,511303.401058700,0,HOLD
865,511303.397342000,0.000184100,0.050000000,0.050000000,511303.397526100,511303.447342000,0,HOLD
866,511303.459493600,0.000123900,0.050000000,0.050000000,511303.459617500,511303.509493600,0,HOLD
867,511303.507294800,0.000151600,0.050000000,0.050000000,511303.507446400,511303.557294800,0,HOLD
868,511303.552887300,0.000125000,0.050000000,0.050000000,511303.553012300,511303.602887300,0,HOLD
869,511303.600658000,0.000097900,0.050000000,0.050000000,511303.600755900,511303.650658000,0,HOLD
870,511303.647011600,0.000178200,0.050000000,0.050000000,511303.647189800,511303.697011600,0,HOLD
871,511303.709857400,0.000124600,0.050000000,0.050000000,511303.709982000,511303.759857400,0,HOLD
872,511303.756544000,0.000130300,0.050000000,0.050000000,511303.756674300,511303.806544000,0,HOLD
873,511303.803129200,0.000153300,0.050000000,0.050000000,511303.803282500,511303.853129200,0,HOLD
874,511303.849414600,0.000167000,0.050000000,0.050000000,511303.849581600,511303.899414600,0,HOLD
875,511303.911348700,0.000120500,0.050000000,0.050000000,511303.911469200,511303.961348700,0,HOLD
876,511303.956436200,0.000254300,0.050000000,0.050000000,511303.956690500,511304.006436200,0,HOLD
877,511304.003090800,0.000162200,0.050000000,0.050000000,511304.003253000,511304.053090800,0,HOLD
878,511304.050101600,0.000108100,0.050000000,0.050000000,511304.050209700,511304.100101600,0,HOLD
879,511304.097242900,0.000089000,0.050000000,0.050000000,511304.097331900,511304.147242900,0,HOLD
880,511304.159069700,0.000128000,0.050000000,0.050000000,511304.159197700,511304.209069700,0,HOLD
881,511304.207016900,0.000165200,0.050000000,0.050000000,511304.207182100,511304.257016900,0,HOLD
882,511304.254390100,0.000144900,0.050000000,0.050000000,511304.254535000,511304.304390100,0,HOLD
883,511304.300809200,0.000137900,0.050000000,0.050000000,511304.300947100,511304.350809200,0,HOLD
884,511304.346268600,0.000161800,0.050000000,0.050000000,511304.346430400,511304.396268600,0,HOLD
885,511304.408252100,0.000151900,0.050000000,0.050000000,511304.408404000,511304.458252100,0,HOLD
886,511304.455565400,0.000170600,0.050000000,0.050000000,511304.455736000,511304.505565400,0,HOLD
887,511304.502310500,0.000142800,0.050000000,0.050000000,511304.502453300,511304.552310500,0,HOLD
888,511304.547879800,0.000132800,0.050000000,0.050000000,511304.548012600,511304.597879800,0,HOLD
889,511304.610657500,0.000159700,0.050000000,0.050000000,511304.610817200,511304.660657500,0,HOLD
890,511304.657691700,0.000129900,0.050000000,0.050000000,511304.657821600,511304.707691700,0,HOLD
891,511304.703130800,0.000129100,0.050000000,0.050000000,511304.703259900,511304.753130800,0,HOLD
892,511304.749483500,0.000123000,0.050000000,0.050000000,511304.749606500,511304.799483500,0,HOLD
893,511304.811545300,0.000154400,0.050000000,0.050000000,511304.811699700,511304.861545300,0,HOLD
894,511304.857965500,0.000113000,0.050000000,0.050000000,511304.858078500,511304.907965500,0,HOLD
895,511304.904247700,0.000268700,0.050000000,0.050000000,511304.904516400,511304.954247700,0,HOLD
896,511304.951070700,0.000083900,0.050000000,0.050000000,511304.951154600,511305.001070700,0,HOLD
897,511304.996707300,0.000117200,0.050000000,0.050000000,511304.996824500,511305.046707300,0,HOLD
898,511305.059657100,0.000124900,0.050000000,0.050000000,511305.059782000,511305.109657100,0,HOLD
899,511305.106395600,0.000119000,0.050000000,0.050000000,511305.106514600,511305.156395600,0,HOLD
900,511305.153290000,0.000084900,0.050000000,0.050000000,511305.153374900,511305.203290000,0,HOLD
901,511305.201881000,0.000153800,0.050000000,0.050000000,511305.202034800,511305.251881000,0,HOLD
902,511305.247780400,0.000094800,0.050000000,0.050000000,511305.247875200,511305.297780400,0,HOLD
903,511305.310445800,0.000095500,0.050000000,0.050000000,511305.310541300,511305.360445800,0,HOLD
904,511305.356534600,0.000176500,0.050000000,0.050000000,511305.356711100,511305.406534600,0,HOLD
905,511305.403542500,0.000323400,0.050000000,0.050000000,511305.403865900,511305.453542500,0,HOLD
906,511305.451688200,0.000128800,0.050000000,0.050000000,511305.451817000,511305.501688200,0,HOLD
907,511305.500084900,0.000110900,0.050000000,0.050000000,511305.500195800,511305.550084900,0,HOLD
908,511305.546948300,0.000268600,0.050000000,0.050000000,511305.547216900,511305.596948300,0,HOLD
909,511305.608921500,0.000127300,0.050000000,0.050000000,511305.609048800,511305.658921500,0,HOLD
910,511305.655731200,0.000119400,0.050000000,0.050000000,511305.655850600,511305.705731200,0,HOLD
911,511305.702216500,0.000122500,0.050000000,0.050000000,511305.702339000,511305.752216500,0,HOLD
912,511305.750586900,0.000126800,0.050000000,0.050000000,511305.750713700,511305.800586900,0,HOLD
913,511305.812156600,0.000150200,0.050000000,0.050000000,511305.812306800,511305.862156600,0,HOLD
914,511305.860648000,0.000248800,0.050000000,0.050000000,511305.860896800,511305.910648000,0,HOLD
915,511305.906459100,0.000258900,0.050000000,0.050000000,511305.906718000,511305.956459100,0,HOLD
916,511305.952849100,0.000128800,0.050000000,0.050000000,511305.952977900,511306.002849100,0,HOLD
917,511306.000854900,0.000098600,0.050000000,0.050000000,511306.000953500,511306.050854900,0,HOLD
918,511306.047176200,0.000108100,0.050000000,0.050000000,511306.047284300,511306.097176200,0,HOLD
919,511306.110030400,0.000115600,0.050000000,0.050000000,511306.110146000,511306.160030400,0,HOLD
920,511306.158666600,0.000064400,0.050000000,0.050000000,511306.158731000,511306.208666600,0,HOLD
921,511306.206469900,0.000108000,0.050000000,0.050000000,511306.206577900,511306.256469900,0,HOLD
922,511306.253608000,0.000090900,0.050000000,0.050000000,511306.253698900,511306.303608000,0,HOLD
923,511306.300501800,0.000107500,0.050000000,0.050000000,511306.300609300,511306.350501800,0,HOLD
924,511306.346618000,0.000152700,0.050000000,0.050000000,511306.346770700,511306.396618000,0,HOLD
925,511306.408666100,0.000199300,0.050000000,0.050000000,511306.408865400,511306.458666100,0,HOLD
926,511306.456475800,0.000101200,0.050000000,0.050000000,511306.456577000,511306.506475800,0,HOLD
927,511306.502886900,0.000128900,0.050000000,0.050000000,511306.503015800,511306.552886900,0,HOLD
928,511306.550138000,0.000153400,0.050000000,0.050000000,511306.550291400,511306.600138000,0,HOLD
929,511306.611247100,0.000114000,0.050000000,0.050000000,511306.611361100,511306.661247100,0,HOLD
930,511306.657190800,0.000118300,0.050000000,0.050000000,511306.657309100,511306.707190800,0,HOLD
931,511306.705418200,0.000115500,0.050000000,0.050000000,511306.705533700,511306.755418200,0,HOLD
932,511306.752466400,0.000071300,0.050000000,0.050000000,511306.752537700,511306.802466400,0,HOLD
933,511306.800015300,0.000083200,0.050000000,0.050000000,511306.800098500,511306.850015300,0,HOLD
934,511306.846626400,0.000105100,0.050000000,0.050000000,511306.846731500,511306.896626400,0,HOLD
935,511306.910280200,0.000119000,0.050000000,0.050000000,511306.910399200,511306.960280200,0,HOLD
936,511306.956210800,0.000091600,0.050000000,0.050000000,511306.956302400,511307.006210800,0,HOLD
937,511307.002517200,0.000153600,0.050000000,0.050000000,511307.002670800,511307.052517200,0,HOLD
938,511307.048392800,0.000153300,0.050000000,0.050000000,511307.048546100,511307.098392800,0,HOLD
939,511307.109642500,0.000114400,0.050000000,0.050000000,511307.109756900,511307.159642500,0,HOLD
940,511307.156828400,0.000105600,0.050000000,0.050000000,511307.156934000,511307.206828400,0,HOLD
941,511307.202646400,0.000111300,0.050000000,0.050000000,511307.202757700,511307.252646400,0,HOLD
942,511307.248580400,0.000112000,0.050000000,0.050000000,511307.248692400,511307.298580400,0,HOLD
943,511307.309831500,0.000156200,0.050000000,0.050000000,511307.309987700,511307.359831500,0,HOLD
944,511307.356080900,0.000145100,0.050000000,0.050000000,511307.356226000,511307.406080900,0,HOLD
945,511307.402074300,0.000320300,0.050000000,0.050000000,511307.402394600,511307.452074300,0,HOLD
946,511307.448516300,0.000162000,0.050000000,0.050000000,511307.448678300,511307.498516300,0,HOLD
947,511307.508875700,0.000116900,0.050000000,0.050000000,511307.508992600,511307.558875700,0,HOLD
948,511307.555472200,0.000115000,0.050000000,0.050000000,511307.555587200,511307.605472200,0,HOLD
949,511307.599991900,0.000101200,0.050000000,0.050000000,511307.600093100,511307.649991900,0,HOLD
950,511307.646892700,0.000081600,0.050000000,0.050000000,511307.646974300,511307.696892700,0,HOLD
951,511307.707042400,0.000179400,0.050000000,0.050000000,511307.707221800,511307.757042400,0,HOLD
952,511307.753802300,0.000091400,0.050000000,0.050000000,511307.753893700,511307.803802300,0,HOLD
953,511307.799866500,0.000094200,0.050000000,0.050000000,511307.799960700,511307.849866500,0,HOLD
954,511307.861546400,0.000058000,0.050000000,0.050000000,511307.861604400,511307.911546400,0,HOLD
955,511307.907448200,0.000132200,0.050000000,0.050000000,511307.907580400,511307.957448200,0,HOLD
956,511307.952412200,0.000097300,0.050000000,0.050000000,511307.952509500,511308.002412200,0,HOLD
